"REF_DATE","GEO","Alternative measures","UOM","SCALAR_FACTOR","VALUE"
"1990-01","Canada","Measure of core inflation based on a factor model, CPI-common (year-over-year percent change)","Percent","units",4.2
"1990-02","Canada","Measure of core inflation based on a factor model, CPI-common (year-over-year percent change)","Percent","units",4
"1990-03","Canada","Measure of core inflation based on a factor model, CPI-common (year-over-year percent change)","Percent","units",4
"1990-04","Canada","Measure of core inflation based on a factor model, CPI-common (year-over-year percent change)","Percent","units",4
"1990-05","Canada","Measure of core inflation based on a factor model, CPI-common (year-over-year percent change)","Percent","units",4.1
"1990-06","Canada","Measure of core inflation based on a factor model, CPI-common (year-over-year percent change)","Percent","units",4.1
"1990-07","Canada","Measure of core inflation based on a factor model, CPI-common (year-over-year percent change)","Percent","units",4
"1990-08","Canada","Measure of core inflation based on a factor model, CPI-common (year-over-year percent change)","Percent","units",3.9
"1990-09","Canada","Measure of core inflation based on a factor model, CPI-common (year-over-year percent change)","Percent","units",4
"1990-10","Canada","Measure of core inflation based on a factor model, CPI-common (year-over-year percent change)","Percent","units",4
"1990-11","Canada","Measure of core inflation based on a factor model, CPI-common (year-over-year percent change)","Percent","units",4.1
"1990-12","Canada","Measure of core inflation based on a factor model, CPI-common (year-over-year percent change)","Percent","units",4.1
"1991-01","Canada","Measure of core inflation based on a factor model, CPI-common (year-over-year percent change)","Percent","units",4.2
"1991-02","Canada","Measure of core inflation based on a factor model, CPI-common (year-over-year percent change)","Percent","units",4.3
"1991-03","Canada","Measure of core inflation based on a factor model, CPI-common (year-over-year percent change)","Percent","units",4.1
"1991-04","Canada","Measure of core inflation based on a factor model, CPI-common (year-over-year percent change)","Percent","units",4
"1991-05","Canada","Measure of core inflation based on a factor model, CPI-common (year-over-year percent change)","Percent","units",3.7
"1991-06","Canada","Measure of core inflation based on a factor model, CPI-common (year-over-year percent change)","Percent","units",3.8
"1991-07","Canada","Measure of core inflation based on a factor model, CPI-common (year-over-year percent change)","Percent","units",3.4
"1991-08","Canada","Measure of core inflation based on a factor model, CPI-common (year-over-year percent change)","Percent","units",3.3
"1991-09","Canada","Measure of core inflation based on a factor model, CPI-common (year-over-year percent change)","Percent","units",3
"1991-10","Canada","Measure of core inflation based on a factor model, CPI-common (year-over-year percent change)","Percent","units",2.4
"1991-11","Canada","Measure of core inflation based on a factor model, CPI-common (year-over-year percent change)","Percent","units",2.2
"1991-12","Canada","Measure of core inflation based on a factor model, CPI-common (year-over-year percent change)","Percent","units",2
"1992-01","Canada","Measure of core inflation based on a factor model, CPI-common (year-over-year percent change)","Percent","units",1.7
"1992-02","Canada","Measure of core inflation based on a factor model, CPI-common (year-over-year percent change)","Percent","units",1.3
"1992-03","Canada","Measure of core inflation based on a factor model, CPI-common (year-over-year percent change)","Percent","units",1.3
"1992-04","Canada","Measure of core inflation based on a factor model, CPI-common (year-over-year percent change)","Percent","units",1.2
"1992-05","Canada","Measure of core inflation based on a factor model, CPI-common (year-over-year percent change)","Percent","units",1.1
"1992-06","Canada","Measure of core inflation based on a factor model, CPI-common (year-over-year percent change)","Percent","units",0.8
"1992-07","Canada","Measure of core inflation based on a factor model, CPI-common (year-over-year percent change)","Percent","units",1.1
"1992-08","Canada","Measure of core inflation based on a factor model, CPI-common (year-over-year percent change)","Percent","units",1.2
"1992-09","Canada","Measure of core inflation based on a factor model, CPI-common (year-over-year percent change)","Percent","units",1.3
"1992-10","Canada","Measure of core inflation based on a factor model, CPI-common (year-over-year percent change)","Percent","units",1.5
"1992-11","Canada","Measure of core inflation based on a factor model, CPI-common (year-over-year percent change)","Percent","units",1.6
"1992-12","Canada","Measure of core inflation based on a factor model, CPI-common (year-over-year percent change)","Percent","units",1.8
"1993-01","Canada","Measure of core inflation based on a factor model, CPI-common (year-over-year percent change)","Percent","units",1.8
"1993-02","Canada","Measure of core inflation based on a factor model, CPI-common (year-over-year percent change)","Percent","units",1.9
"1993-03","Canada","Measure of core inflation based on a factor model, CPI-common (year-over-year percent change)","Percent","units",1.8
"1993-04","Canada","Measure of core inflation based on a factor model, CPI-common (year-over-year percent change)","Percent","units",1.8
"1993-05","Canada","Measure of core inflation based on a factor model, CPI-common (year-over-year percent change)","Percent","units",1.6
"1993-06","Canada","Measure of core inflation based on a factor model, CPI-common (year-over-year percent change)","Percent","units",1.7
"1993-07","Canada","Measure of core inflation based on a factor model, CPI-common (year-over-year percent change)","Percent","units",1.4
"1993-08","Canada","Measure of core inflation based on a factor model, CPI-common (year-over-year percent change)","Percent","units",1.3
"1993-09","Canada","Measure of core inflation based on a factor model, CPI-common (year-over-year percent change)","Percent","units",1.5
"1993-10","Canada","Measure of core inflation based on a factor model, CPI-common (year-over-year percent change)","Percent","units",1.6
"1993-11","Canada","Measure of core inflation based on a factor model, CPI-common (year-over-year percent change)","Percent","units",1.4
"1993-12","Canada","Measure of core inflation based on a factor model, CPI-common (year-over-year percent change)","Percent","units",1.5
"1994-01","Canada","Measure of core inflation based on a factor model, CPI-common (year-over-year percent change)","Percent","units",1.2
"1994-02","Canada","Measure of core inflation based on a factor model, CPI-common (year-over-year percent change)","Percent","units",1.3
"1994-03","Canada","Measure of core inflation based on a factor model, CPI-common (year-over-year percent change)","Percent","units",1.3
"1994-04","Canada","Measure of core inflation based on a factor model, CPI-common (year-over-year percent change)","Percent","units",1.1
"1994-05","Canada","Measure of core inflation based on a factor model, CPI-common (year-over-year percent change)","Percent","units",0.9
"1994-06","Canada","Measure of core inflation based on a factor model, CPI-common (year-over-year percent change)","Percent","units",0.9
"1994-07","Canada","Measure of core inflation based on a factor model, CPI-common (year-over-year percent change)","Percent","units",0.9
"1994-08","Canada","Measure of core inflation based on a factor model, CPI-common (year-over-year percent change)","Percent","units",0.8
"1994-09","Canada","Measure of core inflation based on a factor model, CPI-common (year-over-year percent change)","Percent","units",0.8
"1994-10","Canada","Measure of core inflation based on a factor model, CPI-common (year-over-year percent change)","Percent","units",0.6
"1994-11","Canada","Measure of core inflation based on a factor model, CPI-common (year-over-year percent change)","Percent","units",0.8
"1994-12","Canada","Measure of core inflation based on a factor model, CPI-common (year-over-year percent change)","Percent","units",0.9
"1995-01","Canada","Measure of core inflation based on a factor model, CPI-common (year-over-year percent change)","Percent","units",1.2
"1995-02","Canada","Measure of core inflation based on a factor model, CPI-common (year-over-year percent change)","Percent","units",1.2
"1995-03","Canada","Measure of core inflation based on a factor model, CPI-common (year-over-year percent change)","Percent","units",1.5
"1995-04","Canada","Measure of core inflation based on a factor model, CPI-common (year-over-year percent change)","Percent","units",1.5
"1995-05","Canada","Measure of core inflation based on a factor model, CPI-common (year-over-year percent change)","Percent","units",1.9
"1995-06","Canada","Measure of core inflation based on a factor model, CPI-common (year-over-year percent change)","Percent","units",1.9
"1995-07","Canada","Measure of core inflation based on a factor model, CPI-common (year-over-year percent change)","Percent","units",2
"1995-08","Canada","Measure of core inflation based on a factor model, CPI-common (year-over-year percent change)","Percent","units",2
"1995-09","Canada","Measure of core inflation based on a factor model, CPI-common (year-over-year percent change)","Percent","units",1.9
"1995-10","Canada","Measure of core inflation based on a factor model, CPI-common (year-over-year percent change)","Percent","units",2
"1995-11","Canada","Measure of core inflation based on a factor model, CPI-common (year-over-year percent change)","Percent","units",1.8
"1995-12","Canada","Measure of core inflation based on a factor model, CPI-common (year-over-year percent change)","Percent","units",1.5
"1996-01","Canada","Measure of core inflation based on a factor model, CPI-common (year-over-year percent change)","Percent","units",1.3
"1996-02","Canada","Measure of core inflation based on a factor model, CPI-common (year-over-year percent change)","Percent","units",1.2
"1996-03","Canada","Measure of core inflation based on a factor model, CPI-common (year-over-year percent change)","Percent","units",1.2
"1996-04","Canada","Measure of core inflation based on a factor model, CPI-common (year-over-year percent change)","Percent","units",1.3
"1996-05","Canada","Measure of core inflation based on a factor model, CPI-common (year-over-year percent change)","Percent","units",1.3
"1996-06","Canada","Measure of core inflation based on a factor model, CPI-common (year-over-year percent change)","Percent","units",1.3
"1996-07","Canada","Measure of core inflation based on a factor model, CPI-common (year-over-year percent change)","Percent","units",1.1
"1996-08","Canada","Measure of core inflation based on a factor model, CPI-common (year-over-year percent change)","Percent","units",1.2
"1996-09","Canada","Measure of core inflation based on a factor model, CPI-common (year-over-year percent change)","Percent","units",1.2
"1996-10","Canada","Measure of core inflation based on a factor model, CPI-common (year-over-year percent change)","Percent","units",1.4
"1996-11","Canada","Measure of core inflation based on a factor model, CPI-common (year-over-year percent change)","Percent","units",1.5
"1996-12","Canada","Measure of core inflation based on a factor model, CPI-common (year-over-year percent change)","Percent","units",1.6
"1997-01","Canada","Measure of core inflation based on a factor model, CPI-common (year-over-year percent change)","Percent","units",1.6
"1997-02","Canada","Measure of core inflation based on a factor model, CPI-common (year-over-year percent change)","Percent","units",1.6
"1997-03","Canada","Measure of core inflation based on a factor model, CPI-common (year-over-year percent change)","Percent","units",1.6
"1997-04","Canada","Measure of core inflation based on a factor model, CPI-common (year-over-year percent change)","Percent","units",1.6
"1997-05","Canada","Measure of core inflation based on a factor model, CPI-common (year-over-year percent change)","Percent","units",1.5
"1997-06","Canada","Measure of core inflation based on a factor model, CPI-common (year-over-year percent change)","Percent","units",1.6
"1997-07","Canada","Measure of core inflation based on a factor model, CPI-common (year-over-year percent change)","Percent","units",1.5
"1997-08","Canada","Measure of core inflation based on a factor model, CPI-common (year-over-year percent change)","Percent","units",1.5
"1997-09","Canada","Measure of core inflation based on a factor model, CPI-common (year-over-year percent change)","Percent","units",1.4
"1997-10","Canada","Measure of core inflation based on a factor model, CPI-common (year-over-year percent change)","Percent","units",1.4
"1997-11","Canada","Measure of core inflation based on a factor model, CPI-common (year-over-year percent change)","Percent","units",1.2
"1997-12","Canada","Measure of core inflation based on a factor model, CPI-common (year-over-year percent change)","Percent","units",1.2
"1998-01","Canada","Measure of core inflation based on a factor model, CPI-common (year-over-year percent change)","Percent","units",1.4
"1998-02","Canada","Measure of core inflation based on a factor model, CPI-common (year-over-year percent change)","Percent","units",1.6
"1998-03","Canada","Measure of core inflation based on a factor model, CPI-common (year-over-year percent change)","Percent","units",1.4
"1998-04","Canada","Measure of core inflation based on a factor model, CPI-common (year-over-year percent change)","Percent","units",1.5
"1998-05","Canada","Measure of core inflation based on a factor model, CPI-common (year-over-year percent change)","Percent","units",1.6
"1998-06","Canada","Measure of core inflation based on a factor model, CPI-common (year-over-year percent change)","Percent","units",1.6
"1998-07","Canada","Measure of core inflation based on a factor model, CPI-common (year-over-year percent change)","Percent","units",1.7
"1998-08","Canada","Measure of core inflation based on a factor model, CPI-common (year-over-year percent change)","Percent","units",1.7
"1998-09","Canada","Measure of core inflation based on a factor model, CPI-common (year-over-year percent change)","Percent","units",1.8
"1998-10","Canada","Measure of core inflation based on a factor model, CPI-common (year-over-year percent change)","Percent","units",1.8
"1998-11","Canada","Measure of core inflation based on a factor model, CPI-common (year-over-year percent change)","Percent","units",2
"1998-12","Canada","Measure of core inflation based on a factor model, CPI-common (year-over-year percent change)","Percent","units",1.9
"1999-01","Canada","Measure of core inflation based on a factor model, CPI-common (year-over-year percent change)","Percent","units",2
"1999-02","Canada","Measure of core inflation based on a factor model, CPI-common (year-over-year percent change)","Percent","units",1.8
"1999-03","Canada","Measure of core inflation based on a factor model, CPI-common (year-over-year percent change)","Percent","units",1.8
"1999-04","Canada","Measure of core inflation based on a factor model, CPI-common (year-over-year percent change)","Percent","units",2
"1999-05","Canada","Measure of core inflation based on a factor model, CPI-common (year-over-year percent change)","Percent","units",2
"1999-06","Canada","Measure of core inflation based on a factor model, CPI-common (year-over-year percent change)","Percent","units",2
"1999-07","Canada","Measure of core inflation based on a factor model, CPI-common (year-over-year percent change)","Percent","units",1.9
"1999-08","Canada","Measure of core inflation based on a factor model, CPI-common (year-over-year percent change)","Percent","units",1.9
"1999-09","Canada","Measure of core inflation based on a factor model, CPI-common (year-over-year percent change)","Percent","units",2
"1999-10","Canada","Measure of core inflation based on a factor model, CPI-common (year-over-year percent change)","Percent","units",1.9
"1999-11","Canada","Measure of core inflation based on a factor model, CPI-common (year-over-year percent change)","Percent","units",1.8
"1999-12","Canada","Measure of core inflation based on a factor model, CPI-common (year-over-year percent change)","Percent","units",1.9
"2000-01","Canada","Measure of core inflation based on a factor model, CPI-common (year-over-year percent change)","Percent","units",1.4
"2000-02","Canada","Measure of core inflation based on a factor model, CPI-common (year-over-year percent change)","Percent","units",1.8
"2000-03","Canada","Measure of core inflation based on a factor model, CPI-common (year-over-year percent change)","Percent","units",1.8
"2000-04","Canada","Measure of core inflation based on a factor model, CPI-common (year-over-year percent change)","Percent","units",1.5
"2000-05","Canada","Measure of core inflation based on a factor model, CPI-common (year-over-year percent change)","Percent","units",1.7
"2000-06","Canada","Measure of core inflation based on a factor model, CPI-common (year-over-year percent change)","Percent","units",1.7
"2000-07","Canada","Measure of core inflation based on a factor model, CPI-common (year-over-year percent change)","Percent","units",1.8
"2000-08","Canada","Measure of core inflation based on a factor model, CPI-common (year-over-year percent change)","Percent","units",1.9
"2000-09","Canada","Measure of core inflation based on a factor model, CPI-common (year-over-year percent change)","Percent","units",1.8
"2000-10","Canada","Measure of core inflation based on a factor model, CPI-common (year-over-year percent change)","Percent","units",1.8
"2000-11","Canada","Measure of core inflation based on a factor model, CPI-common (year-over-year percent change)","Percent","units",2
"2000-12","Canada","Measure of core inflation based on a factor model, CPI-common (year-over-year percent change)","Percent","units",2.1
"2001-01","Canada","Measure of core inflation based on a factor model, CPI-common (year-over-year percent change)","Percent","units",2.4
"2001-02","Canada","Measure of core inflation based on a factor model, CPI-common (year-over-year percent change)","Percent","units",2.3
"2001-03","Canada","Measure of core inflation based on a factor model, CPI-common (year-over-year percent change)","Percent","units",2.3
"2001-04","Canada","Measure of core inflation based on a factor model, CPI-common (year-over-year percent change)","Percent","units",2.4
"2001-05","Canada","Measure of core inflation based on a factor model, CPI-common (year-over-year percent change)","Percent","units",2.5
"2001-06","Canada","Measure of core inflation based on a factor model, CPI-common (year-over-year percent change)","Percent","units",2.5
"2001-07","Canada","Measure of core inflation based on a factor model, CPI-common (year-over-year percent change)","Percent","units",2.5
"2001-08","Canada","Measure of core inflation based on a factor model, CPI-common (year-over-year percent change)","Percent","units",2.5
"2001-09","Canada","Measure of core inflation based on a factor model, CPI-common (year-over-year percent change)","Percent","units",2.5
"2001-10","Canada","Measure of core inflation based on a factor model, CPI-common (year-over-year percent change)","Percent","units",2.5
"2001-11","Canada","Measure of core inflation based on a factor model, CPI-common (year-over-year percent change)","Percent","units",2.3
"2001-12","Canada","Measure of core inflation based on a factor model, CPI-common (year-over-year percent change)","Percent","units",2.4
"2002-01","Canada","Measure of core inflation based on a factor model, CPI-common (year-over-year percent change)","Percent","units",2.3
"2002-02","Canada","Measure of core inflation based on a factor model, CPI-common (year-over-year percent change)","Percent","units",2.3
"2002-03","Canada","Measure of core inflation based on a factor model, CPI-common (year-over-year percent change)","Percent","units",2.3
"2002-04","Canada","Measure of core inflation based on a factor model, CPI-common (year-over-year percent change)","Percent","units",2.4
"2002-05","Canada","Measure of core inflation based on a factor model, CPI-common (year-over-year percent change)","Percent","units",2.2
"2002-06","Canada","Measure of core inflation based on a factor model, CPI-common (year-over-year percent change)","Percent","units",2.2
"2002-07","Canada","Measure of core inflation based on a factor model, CPI-common (year-over-year percent change)","Percent","units",2.2
"2002-08","Canada","Measure of core inflation based on a factor model, CPI-common (year-over-year percent change)","Percent","units",2.3
"2002-09","Canada","Measure of core inflation based on a factor model, CPI-common (year-over-year percent change)","Percent","units",2.1
"2002-10","Canada","Measure of core inflation based on a factor model, CPI-common (year-over-year percent change)","Percent","units",2
"2002-11","Canada","Measure of core inflation based on a factor model, CPI-common (year-over-year percent change)","Percent","units",2.4
"2002-12","Canada","Measure of core inflation based on a factor model, CPI-common (year-over-year percent change)","Percent","units",2.1
"2003-01","Canada","Measure of core inflation based on a factor model, CPI-common (year-over-year percent change)","Percent","units",2.4
"2003-02","Canada","Measure of core inflation based on a factor model, CPI-common (year-over-year percent change)","Percent","units",2.2
"2003-03","Canada","Measure of core inflation based on a factor model, CPI-common (year-over-year percent change)","Percent","units",2.2
"2003-04","Canada","Measure of core inflation based on a factor model, CPI-common (year-over-year percent change)","Percent","units",1.9
"2003-05","Canada","Measure of core inflation based on a factor model, CPI-common (year-over-year percent change)","Percent","units",1.9
"2003-06","Canada","Measure of core inflation based on a factor model, CPI-common (year-over-year percent change)","Percent","units",1.9
"2003-07","Canada","Measure of core inflation based on a factor model, CPI-common (year-over-year percent change)","Percent","units",1.8
"2003-08","Canada","Measure of core inflation based on a factor model, CPI-common (year-over-year percent change)","Percent","units",1.8
"2003-09","Canada","Measure of core inflation based on a factor model, CPI-common (year-over-year percent change)","Percent","units",1.9
"2003-10","Canada","Measure of core inflation based on a factor model, CPI-common (year-over-year percent change)","Percent","units",1.9
"2003-11","Canada","Measure of core inflation based on a factor model, CPI-common (year-over-year percent change)","Percent","units",1.7
"2003-12","Canada","Measure of core inflation based on a factor model, CPI-common (year-over-year percent change)","Percent","units",1.9
"2004-01","Canada","Measure of core inflation based on a factor model, CPI-common (year-over-year percent change)","Percent","units",1.6
"2004-02","Canada","Measure of core inflation based on a factor model, CPI-common (year-over-year percent change)","Percent","units",1.6
"2004-03","Canada","Measure of core inflation based on a factor model, CPI-common (year-over-year percent change)","Percent","units",1.7
"2004-04","Canada","Measure of core inflation based on a factor model, CPI-common (year-over-year percent change)","Percent","units",1.8
"2004-05","Canada","Measure of core inflation based on a factor model, CPI-common (year-over-year percent change)","Percent","units",1.8
"2004-06","Canada","Measure of core inflation based on a factor model, CPI-common (year-over-year percent change)","Percent","units",1.9
"2004-07","Canada","Measure of core inflation based on a factor model, CPI-common (year-over-year percent change)","Percent","units",1.8
"2004-08","Canada","Measure of core inflation based on a factor model, CPI-common (year-over-year percent change)","Percent","units",1.8
"2004-09","Canada","Measure of core inflation based on a factor model, CPI-common (year-over-year percent change)","Percent","units",1.7
"2004-10","Canada","Measure of core inflation based on a factor model, CPI-common (year-over-year percent change)","Percent","units",1.8
"2004-11","Canada","Measure of core inflation based on a factor model, CPI-common (year-over-year percent change)","Percent","units",1.9
"2004-12","Canada","Measure of core inflation based on a factor model, CPI-common (year-over-year percent change)","Percent","units",1.9
"2005-01","Canada","Measure of core inflation based on a factor model, CPI-common (year-over-year percent change)","Percent","units",1.9
"2005-02","Canada","Measure of core inflation based on a factor model, CPI-common (year-over-year percent change)","Percent","units",1.9
"2005-03","Canada","Measure of core inflation based on a factor model, CPI-common (year-over-year percent change)","Percent","units",1.9
"2005-04","Canada","Measure of core inflation based on a factor model, CPI-common (year-over-year percent change)","Percent","units",2
"2005-05","Canada","Measure of core inflation based on a factor model, CPI-common (year-over-year percent change)","Percent","units",1.9
"2005-06","Canada","Measure of core inflation based on a factor model, CPI-common (year-over-year percent change)","Percent","units",2
"2005-07","Canada","Measure of core inflation based on a factor model, CPI-common (year-over-year percent change)","Percent","units",2
"2005-08","Canada","Measure of core inflation based on a factor model, CPI-common (year-over-year percent change)","Percent","units",2.1
"2005-09","Canada","Measure of core inflation based on a factor model, CPI-common (year-over-year percent change)","Percent","units",2.1
"2005-10","Canada","Measure of core inflation based on a factor model, CPI-common (year-over-year percent change)","Percent","units",1.9
"2005-11","Canada","Measure of core inflation based on a factor model, CPI-common (year-over-year percent change)","Percent","units",1.9
"2005-12","Canada","Measure of core inflation based on a factor model, CPI-common (year-over-year percent change)","Percent","units",1.9
"2006-01","Canada","Measure of core inflation based on a factor model, CPI-common (year-over-year percent change)","Percent","units",2.1
"2006-02","Canada","Measure of core inflation based on a factor model, CPI-common (year-over-year percent change)","Percent","units",2
"2006-03","Canada","Measure of core inflation based on a factor model, CPI-common (year-over-year percent change)","Percent","units",1.9
"2006-04","Canada","Measure of core inflation based on a factor model, CPI-common (year-over-year percent change)","Percent","units",1.8
"2006-05","Canada","Measure of core inflation based on a factor model, CPI-common (year-over-year percent change)","Percent","units",1.9
"2006-06","Canada","Measure of core inflation based on a factor model, CPI-common (year-over-year percent change)","Percent","units",1.7
"2006-07","Canada","Measure of core inflation based on a factor model, CPI-common (year-over-year percent change)","Percent","units",1.9
"2006-08","Canada","Measure of core inflation based on a factor model, CPI-common (year-over-year percent change)","Percent","units",2
"2006-09","Canada","Measure of core inflation based on a factor model, CPI-common (year-over-year percent change)","Percent","units",2.1
"2006-10","Canada","Measure of core inflation based on a factor model, CPI-common (year-over-year percent change)","Percent","units",2.2
"2006-11","Canada","Measure of core inflation based on a factor model, CPI-common (year-over-year percent change)","Percent","units",2.3
"2006-12","Canada","Measure of core inflation based on a factor model, CPI-common (year-over-year percent change)","Percent","units",2.1
"2007-01","Canada","Measure of core inflation based on a factor model, CPI-common (year-over-year percent change)","Percent","units",2.1
"2007-02","Canada","Measure of core inflation based on a factor model, CPI-common (year-over-year percent change)","Percent","units",2.4
"2007-03","Canada","Measure of core inflation based on a factor model, CPI-common (year-over-year percent change)","Percent","units",2.4
"2007-04","Canada","Measure of core inflation based on a factor model, CPI-common (year-over-year percent change)","Percent","units",2.5
"2007-05","Canada","Measure of core inflation based on a factor model, CPI-common (year-over-year percent change)","Percent","units",2.5
"2007-06","Canada","Measure of core inflation based on a factor model, CPI-common (year-over-year percent change)","Percent","units",2.5
"2007-07","Canada","Measure of core inflation based on a factor model, CPI-common (year-over-year percent change)","Percent","units",2.4
"2007-08","Canada","Measure of core inflation based on a factor model, CPI-common (year-over-year percent change)","Percent","units",2.3
"2007-09","Canada","Measure of core inflation based on a factor model, CPI-common (year-over-year percent change)","Percent","units",2.2
"2007-10","Canada","Measure of core inflation based on a factor model, CPI-common (year-over-year percent change)","Percent","units",2
"2007-11","Canada","Measure of core inflation based on a factor model, CPI-common (year-over-year percent change)","Percent","units",1.9
"2007-12","Canada","Measure of core inflation based on a factor model, CPI-common (year-over-year percent change)","Percent","units",2
"2008-01","Canada","Measure of core inflation based on a factor model, CPI-common (year-over-year percent change)","Percent","units",2.1
"2008-02","Canada","Measure of core inflation based on a factor model, CPI-common (year-over-year percent change)","Percent","units",1.9
"2008-03","Canada","Measure of core inflation based on a factor model, CPI-common (year-over-year percent change)","Percent","units",1.8
"2008-04","Canada","Measure of core inflation based on a factor model, CPI-common (year-over-year percent change)","Percent","units",1.9
"2008-05","Canada","Measure of core inflation based on a factor model, CPI-common (year-over-year percent change)","Percent","units",2
"2008-06","Canada","Measure of core inflation based on a factor model, CPI-common (year-over-year percent change)","Percent","units",2.2
"2008-07","Canada","Measure of core inflation based on a factor model, CPI-common (year-over-year percent change)","Percent","units",2.2
"2008-08","Canada","Measure of core inflation based on a factor model, CPI-common (year-over-year percent change)","Percent","units",2.4
"2008-09","Canada","Measure of core inflation based on a factor model, CPI-common (year-over-year percent change)","Percent","units",2.7
"2008-10","Canada","Measure of core inflation based on a factor model, CPI-common (year-over-year percent change)","Percent","units",2.7
"2008-11","Canada","Measure of core inflation based on a factor model, CPI-common (year-over-year percent change)","Percent","units",3.1
"2008-12","Canada","Measure of core inflation based on a factor model, CPI-common (year-over-year percent change)","Percent","units",3.1
"2009-01","Canada","Measure of core inflation based on a factor model, CPI-common (year-over-year percent change)","Percent","units",3
"2009-02","Canada","Measure of core inflation based on a factor model, CPI-common (year-over-year percent change)","Percent","units",3.1
"2009-03","Canada","Measure of core inflation based on a factor model, CPI-common (year-over-year percent change)","Percent","units",3.2
"2009-04","Canada","Measure of core inflation based on a factor model, CPI-common (year-over-year percent change)","Percent","units",3.1
"2009-05","Canada","Measure of core inflation based on a factor model, CPI-common (year-over-year percent change)","Percent","units",3.3
"2009-06","Canada","Measure of core inflation based on a factor model, CPI-common (year-over-year percent change)","Percent","units",3.2
"2009-07","Canada","Measure of core inflation based on a factor model, CPI-common (year-over-year percent change)","Percent","units",2.9
"2009-08","Canada","Measure of core inflation based on a factor model, CPI-common (year-over-year percent change)","Percent","units",2.6
"2009-09","Canada","Measure of core inflation based on a factor model, CPI-common (year-over-year percent change)","Percent","units",2.5
"2009-10","Canada","Measure of core inflation based on a factor model, CPI-common (year-over-year percent change)","Percent","units",2.5
"2009-11","Canada","Measure of core inflation based on a factor model, CPI-common (year-over-year percent change)","Percent","units",2.1
"2009-12","Canada","Measure of core inflation based on a factor model, CPI-common (year-over-year percent change)","Percent","units",1.9
"2010-01","Canada","Measure of core inflation based on a factor model, CPI-common (year-over-year percent change)","Percent","units",1.8
"2010-02","Canada","Measure of core inflation based on a factor model, CPI-common (year-over-year percent change)","Percent","units",1.8
"2010-03","Canada","Measure of core inflation based on a factor model, CPI-common (year-over-year percent change)","Percent","units",1.5
"2010-04","Canada","Measure of core inflation based on a factor model, CPI-common (year-over-year percent change)","Percent","units",1.4
"2010-05","Canada","Measure of core inflation based on a factor model, CPI-common (year-over-year percent change)","Percent","units",1.1
"2010-06","Canada","Measure of core inflation based on a factor model, CPI-common (year-over-year percent change)","Percent","units",1.1
"2010-07","Canada","Measure of core inflation based on a factor model, CPI-common (year-over-year percent change)","Percent","units",1.1
"2010-08","Canada","Measure of core inflation based on a factor model, CPI-common (year-over-year percent change)","Percent","units",1.2
"2010-09","Canada","Measure of core inflation based on a factor model, CPI-common (year-over-year percent change)","Percent","units",0.9
"2010-10","Canada","Measure of core inflation based on a factor model, CPI-common (year-over-year percent change)","Percent","units",1.1
"2010-11","Canada","Measure of core inflation based on a factor model, CPI-common (year-over-year percent change)","Percent","units",1
"2010-12","Canada","Measure of core inflation based on a factor model, CPI-common (year-over-year percent change)","Percent","units",1.1
"2011-01","Canada","Measure of core inflation based on a factor model, CPI-common (year-over-year percent change)","Percent","units",1.2
"2011-02","Canada","Measure of core inflation based on a factor model, CPI-common (year-over-year percent change)","Percent","units",1.1
"2011-03","Canada","Measure of core inflation based on a factor model, CPI-common (year-over-year percent change)","Percent","units",1.7
"2011-04","Canada","Measure of core inflation based on a factor model, CPI-common (year-over-year percent change)","Percent","units",1.6
"2011-05","Canada","Measure of core inflation based on a factor model, CPI-common (year-over-year percent change)","Percent","units",1.9
"2011-06","Canada","Measure of core inflation based on a factor model, CPI-common (year-over-year percent change)","Percent","units",1.8
"2011-07","Canada","Measure of core inflation based on a factor model, CPI-common (year-over-year percent change)","Percent","units",1.9
"2011-08","Canada","Measure of core inflation based on a factor model, CPI-common (year-over-year percent change)","Percent","units",2
"2011-09","Canada","Measure of core inflation based on a factor model, CPI-common (year-over-year percent change)","Percent","units",2.1
"2011-10","Canada","Measure of core inflation based on a factor model, CPI-common (year-over-year percent change)","Percent","units",2
"2011-11","Canada","Measure of core inflation based on a factor model, CPI-common (year-over-year percent change)","Percent","units",2.1
"2011-12","Canada","Measure of core inflation based on a factor model, CPI-common (year-over-year percent change)","Percent","units",2
"2012-01","Canada","Measure of core inflation based on a factor model, CPI-common (year-over-year percent change)","Percent","units",2
"2012-02","Canada","Measure of core inflation based on a factor model, CPI-common (year-over-year percent change)","Percent","units",2.2
"2012-03","Canada","Measure of core inflation based on a factor model, CPI-common (year-over-year percent change)","Percent","units",1.7
"2012-04","Canada","Measure of core inflation based on a factor model, CPI-common (year-over-year percent change)","Percent","units",2
"2012-05","Canada","Measure of core inflation based on a factor model, CPI-common (year-over-year percent change)","Percent","units",1.8
"2012-06","Canada","Measure of core inflation based on a factor model, CPI-common (year-over-year percent change)","Percent","units",1.8
"2012-07","Canada","Measure of core inflation based on a factor model, CPI-common (year-over-year percent change)","Percent","units",1.7
"2012-08","Canada","Measure of core inflation based on a factor model, CPI-common (year-over-year percent change)","Percent","units",1.7
"2012-09","Canada","Measure of core inflation based on a factor model, CPI-common (year-over-year percent change)","Percent","units",1.5
"2012-10","Canada","Measure of core inflation based on a factor model, CPI-common (year-over-year percent change)","Percent","units",1.6
"2012-11","Canada","Measure of core inflation based on a factor model, CPI-common (year-over-year percent change)","Percent","units",1.6
"2012-12","Canada","Measure of core inflation based on a factor model, CPI-common (year-over-year percent change)","Percent","units",1.5
"2013-01","Canada","Measure of core inflation based on a factor model, CPI-common (year-over-year percent change)","Percent","units",1.3
"2013-02","Canada","Measure of core inflation based on a factor model, CPI-common (year-over-year percent change)","Percent","units",1.5
"2013-03","Canada","Measure of core inflation based on a factor model, CPI-common (year-over-year percent change)","Percent","units",1.5
"2013-04","Canada","Measure of core inflation based on a factor model, CPI-common (year-over-year percent change)","Percent","units",1.3
"2013-05","Canada","Measure of core inflation based on a factor model, CPI-common (year-over-year percent change)","Percent","units",1.2
"2013-06","Canada","Measure of core inflation based on a factor model, CPI-common (year-over-year percent change)","Percent","units",1.2
"2013-07","Canada","Measure of core inflation based on a factor model, CPI-common (year-over-year percent change)","Percent","units",1.3
"2013-08","Canada","Measure of core inflation based on a factor model, CPI-common (year-over-year percent change)","Percent","units",1.2
"2013-09","Canada","Measure of core inflation based on a factor model, CPI-common (year-over-year percent change)","Percent","units",1.3
"2013-10","Canada","Measure of core inflation based on a factor model, CPI-common (year-over-year percent change)","Percent","units",1.2
"2013-11","Canada","Measure of core inflation based on a factor model, CPI-common (year-over-year percent change)","Percent","units",1
"2013-12","Canada","Measure of core inflation based on a factor model, CPI-common (year-over-year percent change)","Percent","units",1.2
"2014-01","Canada","Measure of core inflation based on a factor model, CPI-common (year-over-year percent change)","Percent","units",1.3
"2014-02","Canada","Measure of core inflation based on a factor model, CPI-common (year-over-year percent change)","Percent","units",1.3
"2014-03","Canada","Measure of core inflation based on a factor model, CPI-common (year-over-year percent change)","Percent","units",1.4
"2014-04","Canada","Measure of core inflation based on a factor model, CPI-common (year-over-year percent change)","Percent","units",1.4
"2014-05","Canada","Measure of core inflation based on a factor model, CPI-common (year-over-year percent change)","Percent","units",1.4
"2014-06","Canada","Measure of core inflation based on a factor model, CPI-common (year-over-year percent change)","Percent","units",1.5
"2014-07","Canada","Measure of core inflation based on a factor model, CPI-common (year-over-year percent change)","Percent","units",1.5
"2014-08","Canada","Measure of core inflation based on a factor model, CPI-common (year-over-year percent change)","Percent","units",1.4
"2014-09","Canada","Measure of core inflation based on a factor model, CPI-common (year-over-year percent change)","Percent","units",1.5
"2014-10","Canada","Measure of core inflation based on a factor model, CPI-common (year-over-year percent change)","Percent","units",1.5
"2014-11","Canada","Measure of core inflation based on a factor model, CPI-common (year-over-year percent change)","Percent","units",1.8
"2014-12","Canada","Measure of core inflation based on a factor model, CPI-common (year-over-year percent change)","Percent","units",1.7
"2015-01","Canada","Measure of core inflation based on a factor model, CPI-common (year-over-year percent change)","Percent","units",1.8
"2015-02","Canada","Measure of core inflation based on a factor model, CPI-common (year-over-year percent change)","Percent","units",1.7
"2015-03","Canada","Measure of core inflation based on a factor model, CPI-common (year-over-year percent change)","Percent","units",1.7
"2015-04","Canada","Measure of core inflation based on a factor model, CPI-common (year-over-year percent change)","Percent","units",1.7
"2015-05","Canada","Measure of core inflation based on a factor model, CPI-common (year-over-year percent change)","Percent","units",1.9
"2015-06","Canada","Measure of core inflation based on a factor model, CPI-common (year-over-year percent change)","Percent","units",1.9
"2015-07","Canada","Measure of core inflation based on a factor model, CPI-common (year-over-year percent change)","Percent","units",1.9
"2015-08","Canada","Measure of core inflation based on a factor model, CPI-common (year-over-year percent change)","Percent","units",2
"2015-09","Canada","Measure of core inflation based on a factor model, CPI-common (year-over-year percent change)","Percent","units",2
"2015-10","Canada","Measure of core inflation based on a factor model, CPI-common (year-over-year percent change)","Percent","units",2
"2015-11","Canada","Measure of core inflation based on a factor model, CPI-common (year-over-year percent change)","Percent","units",2.1
"2015-12","Canada","Measure of core inflation based on a factor model, CPI-common (year-over-year percent change)","Percent","units",2
"2016-01","Canada","Measure of core inflation based on a factor model, CPI-common (year-over-year percent change)","Percent","units",2.1
"2016-02","Canada","Measure of core inflation based on a factor model, CPI-common (year-over-year percent change)","Percent","units",2
"2016-03","Canada","Measure of core inflation based on a factor model, CPI-common (year-over-year percent change)","Percent","units",2
"2016-04","Canada","Measure of core inflation based on a factor model, CPI-common (year-over-year percent change)","Percent","units",2
"2016-05","Canada","Measure of core inflation based on a factor model, CPI-common (year-over-year percent change)","Percent","units",1.8
"2016-06","Canada","Measure of core inflation based on a factor model, CPI-common (year-over-year percent change)","Percent","units",1.8
"2016-07","Canada","Measure of core inflation based on a factor model, CPI-common (year-over-year percent change)","Percent","units",1.7
"2016-08","Canada","Measure of core inflation based on a factor model, CPI-common (year-over-year percent change)","Percent","units",1.7
"2016-09","Canada","Measure of core inflation based on a factor model, CPI-common (year-over-year percent change)","Percent","units",1.5
"2016-10","Canada","Measure of core inflation based on a factor model, CPI-common (year-over-year percent change)","Percent","units",1.4
"2016-11","Canada","Measure of core inflation based on a factor model, CPI-common (year-over-year percent change)","Percent","units",1.2
"2016-12","Canada","Measure of core inflation based on a factor model, CPI-common (year-over-year percent change)","Percent","units",1.3
"2017-01","Canada","Measure of core inflation based on a factor model, CPI-common (year-over-year percent change)","Percent","units",1.2
"2017-02","Canada","Measure of core inflation based on a factor model, CPI-common (year-over-year percent change)","Percent","units",1.2
"2017-03","Canada","Measure of core inflation based on a factor model, CPI-common (year-over-year percent change)","Percent","units",1.1
"2017-04","Canada","Measure of core inflation based on a factor model, CPI-common (year-over-year percent change)","Percent","units",1.1
"2017-05","Canada","Measure of core inflation based on a factor model, CPI-common (year-over-year percent change)","Percent","units",1
"2017-06","Canada","Measure of core inflation based on a factor model, CPI-common (year-over-year percent change)","Percent","units",1.1
"2017-07","Canada","Measure of core inflation based on a factor model, CPI-common (year-over-year percent change)","Percent","units",1.2
"2017-08","Canada","Measure of core inflation based on a factor model, CPI-common (year-over-year percent change)","Percent","units",1.2
"2017-09","Canada","Measure of core inflation based on a factor model, CPI-common (year-over-year percent change)","Percent","units",1.3
"2017-10","Canada","Measure of core inflation based on a factor model, CPI-common (year-over-year percent change)","Percent","units",1.3
"2017-11","Canada","Measure of core inflation based on a factor model, CPI-common (year-over-year percent change)","Percent","units",1.4
"2017-12","Canada","Measure of core inflation based on a factor model, CPI-common (year-over-year percent change)","Percent","units",1.6
"2018-01","Canada","Measure of core inflation based on a factor model, CPI-common (year-over-year percent change)","Percent","units",1.6
"2018-02","Canada","Measure of core inflation based on a factor model, CPI-common (year-over-year percent change)","Percent","units",1.8
"2018-03","Canada","Measure of core inflation based on a factor model, CPI-common (year-over-year percent change)","Percent","units",1.8
"2018-04","Canada","Measure of core inflation based on a factor model, CPI-common (year-over-year percent change)","Percent","units",1.8
"2018-05","Canada","Measure of core inflation based on a factor model, CPI-common (year-over-year percent change)","Percent","units",1.8
"2018-06","Canada","Measure of core inflation based on a factor model, CPI-common (year-over-year percent change)","Percent","units",1.8
"2018-07","Canada","Measure of core inflation based on a factor model, CPI-common (year-over-year percent change)","Percent","units",1.9
"2018-08","Canada","Measure of core inflation based on a factor model, CPI-common (year-over-year percent change)","Percent","units",1.9
"2018-09","Canada","Measure of core inflation based on a factor model, CPI-common (year-over-year percent change)","Percent","units",1.8
"2018-10","Canada","Measure of core inflation based on a factor model, CPI-common (year-over-year percent change)","Percent","units",1.9
"2018-11","Canada","Measure of core inflation based on a factor model, CPI-common (year-over-year percent change)","Percent","units",1.8
"2018-12","Canada","Measure of core inflation based on a factor model, CPI-common (year-over-year percent change)","Percent","units",1.7
"2019-01","Canada","Measure of core inflation based on a factor model, CPI-common (year-over-year percent change)","Percent","units",1.8
"2019-02","Canada","Measure of core inflation based on a factor model, CPI-common (year-over-year percent change)","Percent","units",2
"2019-03","Canada","Measure of core inflation based on a factor model, CPI-common (year-over-year percent change)","Percent","units",2
"2019-04","Canada","Measure of core inflation based on a factor model, CPI-common (year-over-year percent change)","Percent","units",2
"2019-05","Canada","Measure of core inflation based on a factor model, CPI-common (year-over-year percent change)","Percent","units",2.1
"2019-06","Canada","Measure of core inflation based on a factor model, CPI-common (year-over-year percent change)","Percent","units",2.1
"2019-07","Canada","Measure of core inflation based on a factor model, CPI-common (year-over-year percent change)","Percent","units",2.2
"2019-08","Canada","Measure of core inflation based on a factor model, CPI-common (year-over-year percent change)","Percent","units",2.1
"2019-09","Canada","Measure of core inflation based on a factor model, CPI-common (year-over-year percent change)","Percent","units",2.4
"2019-10","Canada","Measure of core inflation based on a factor model, CPI-common (year-over-year percent change)","Percent","units",2.4
"2019-11","Canada","Measure of core inflation based on a factor model, CPI-common (year-over-year percent change)","Percent","units",2.5
"2019-12","Canada","Measure of core inflation based on a factor model, CPI-common (year-over-year percent change)","Percent","units",2.4
"2020-01","Canada","Measure of core inflation based on a factor model, CPI-common (year-over-year percent change)","Percent","units",2.3
"2020-02","Canada","Measure of core inflation based on a factor model, CPI-common (year-over-year percent change)","Percent","units",2
"2020-03","Canada","Measure of core inflation based on a factor model, CPI-common (year-over-year percent change)","Percent","units",1.7
"2020-04","Canada","Measure of core inflation based on a factor model, CPI-common (year-over-year percent change)","Percent","units",1.7
"2020-05","Canada","Measure of core inflation based on a factor model, CPI-common (year-over-year percent change)","Percent","units",1.4
"2020-06","Canada","Measure of core inflation based on a factor model, CPI-common (year-over-year percent change)","Percent","units",1.5
"2020-07","Canada","Measure of core inflation based on a factor model, CPI-common (year-over-year percent change)","Percent","units",1.3
"2020-08","Canada","Measure of core inflation based on a factor model, CPI-common (year-over-year percent change)","Percent","units",1.5
"2020-09","Canada","Measure of core inflation based on a factor model, CPI-common (year-over-year percent change)","Percent","units",1.4
"2020-10","Canada","Measure of core inflation based on a factor model, CPI-common (year-over-year percent change)","Percent","units",1.6
"2020-11","Canada","Measure of core inflation based on a factor model, CPI-common (year-over-year percent change)","Percent","units",1.7
"2020-12","Canada","Measure of core inflation based on a factor model, CPI-common (year-over-year percent change)","Percent","units",1.5
"2021-01","Canada","Measure of core inflation based on a factor model, CPI-common (year-over-year percent change)","Percent","units",1.6
"2021-02","Canada","Measure of core inflation based on a factor model, CPI-common (year-over-year percent change)","Percent","units",1.5
"2021-03","Canada","Measure of core inflation based on a factor model, CPI-common (year-over-year percent change)","Percent","units",2
"2021-04","Canada","Measure of core inflation based on a factor model, CPI-common (year-over-year percent change)","Percent","units",2.1
"2021-05","Canada","Measure of core inflation based on a factor model, CPI-common (year-over-year percent change)","Percent","units",2.6
"2021-06","Canada","Measure of core inflation based on a factor model, CPI-common (year-over-year percent change)","Percent","units",2.6
"2021-07","Canada","Measure of core inflation based on a factor model, CPI-common (year-over-year percent change)","Percent","units",2.8
"2021-08","Canada","Measure of core inflation based on a factor model, CPI-common (year-over-year percent change)","Percent","units",3
"2021-09","Canada","Measure of core inflation based on a factor model, CPI-common (year-over-year percent change)","Percent","units",3.1
"2021-10","Canada","Measure of core inflation based on a factor model, CPI-common (year-over-year percent change)","Percent","units",3
"2021-11","Canada","Measure of core inflation based on a factor model, CPI-common (year-over-year percent change)","Percent","units",3.2
"2021-12","Canada","Measure of core inflation based on a factor model, CPI-common (year-over-year percent change)","Percent","units",3.3
"2022-01","Canada","Measure of core inflation based on a factor model, CPI-common (year-over-year percent change)","Percent","units",3.7
"2022-02","Canada","Measure of core inflation based on a factor model, CPI-common (year-over-year percent change)","Percent","units",4.1
"2022-03","Canada","Measure of core inflation based on a factor model, CPI-common (year-over-year percent change)","Percent","units",4.6
"2022-04","Canada","Measure of core inflation based on a factor model, CPI-common (year-over-year percent change)","Percent","units",5
"2022-05","Canada","Measure of core inflation based on a factor model, CPI-common (year-over-year percent change)","Percent","units",5.6
"2022-06","Canada","Measure of core inflation based on a factor model, CPI-common (year-over-year percent change)","Percent","units",5.7
"2022-07","Canada","Measure of core inflation based on a factor model, CPI-common (year-over-year percent change)","Percent","units",6
"2022-08","Canada","Measure of core inflation based on a factor model, CPI-common (year-over-year percent change)","Percent","units",5.9
"2022-09","Canada","Measure of core inflation based on a factor model, CPI-common (year-over-year percent change)","Percent","units",6
"2022-10","Canada","Measure of core inflation based on a factor model, CPI-common (year-over-year percent change)","Percent","units",6
"2022-11","Canada","Measure of core inflation based on a factor model, CPI-common (year-over-year percent change)","Percent","units",6.3
"2022-12","Canada","Measure of core inflation based on a factor model, CPI-common (year-over-year percent change)","Percent","units",6.2
"2023-01","Canada","Measure of core inflation based on a factor model, CPI-common (year-over-year percent change)","Percent","units",6.2
"2023-02","Canada","Measure of core inflation based on a factor model, CPI-common (year-over-year percent change)","Percent","units",6.1
"2023-03","Canada","Measure of core inflation based on a factor model, CPI-common (year-over-year percent change)","Percent","units",5.8
"2023-04","Canada","Measure of core inflation based on a factor model, CPI-common (year-over-year percent change)","Percent","units",5.6
"2023-05","Canada","Measure of core inflation based on a factor model, CPI-common (year-over-year percent change)","Percent","units",5.2
"2023-06","Canada","Measure of core inflation based on a factor model, CPI-common (year-over-year percent change)","Percent","units",5.1
"2023-07","Canada","Measure of core inflation based on a factor model, CPI-common (year-over-year percent change)","Percent","units",4.8
"2023-08","Canada","Measure of core inflation based on a factor model, CPI-common (year-over-year percent change)","Percent","units",4.8
"2023-09","Canada","Measure of core inflation based on a factor model, CPI-common (year-over-year percent change)","Percent","units",4.4
