"REF_DATE","GEO","North American Industry Classification System (NAICS)","Statistics","Data type","UOM","SCALAR_FACTOR","VALUE"
"1976-01","British Columbia","Total employed, all industries","Estimate","Seasonally adjusted","Persons","thousands",1029.7
"1976-02","British Columbia","Total employed, all industries","Estimate","Seasonally adjusted","Persons","thousands",1041.6
"1976-03","British Columbia","Total employed, all industries","Estimate","Seasonally adjusted","Persons","thousands",1047.6
"1976-04","British Columbia","Total employed, all industries","Estimate","Seasonally adjusted","Persons","thousands",1048.6
"1976-05","British Columbia","Total employed, all industries","Estimate","Seasonally adjusted","Persons","thousands",1048.3
"1976-06","British Columbia","Total employed, all industries","Estimate","Seasonally adjusted","Persons","thousands",1053
"1976-07","British Columbia","Total employed, all industries","Estimate","Seasonally adjusted","Persons","thousands",1068.1
"1976-08","British Columbia","Total employed, all industries","Estimate","Seasonally adjusted","Persons","thousands",1077.5
"1976-09","British Columbia","Total employed, all industries","Estimate","Seasonally adjusted","Persons","thousands",1073.3
"1976-10","British Columbia","Total employed, all industries","Estimate","Seasonally adjusted","Persons","thousands",1081.2
"1976-11","British Columbia","Total employed, all industries","Estimate","Seasonally adjusted","Persons","thousands",1083.4
"1976-12","British Columbia","Total employed, all industries","Estimate","Seasonally adjusted","Persons","thousands",1084.1
"1977-01","British Columbia","Total employed, all industries","Estimate","Seasonally adjusted","Persons","thousands",1085.2
"1977-02","British Columbia","Total employed, all industries","Estimate","Seasonally adjusted","Persons","thousands",1084.9
"1977-03","British Columbia","Total employed, all industries","Estimate","Seasonally adjusted","Persons","thousands",1080.1
"1977-04","British Columbia","Total employed, all industries","Estimate","Seasonally adjusted","Persons","thousands",1076.6
"1977-05","British Columbia","Total employed, all industries","Estimate","Seasonally adjusted","Persons","thousands",1095.9
"1977-06","British Columbia","Total employed, all industries","Estimate","Seasonally adjusted","Persons","thousands",1089
"1977-07","British Columbia","Total employed, all industries","Estimate","Seasonally adjusted","Persons","thousands",1097.3
"1977-08","British Columbia","Total employed, all industries","Estimate","Seasonally adjusted","Persons","thousands",1092.2
"1977-09","British Columbia","Total employed, all industries","Estimate","Seasonally adjusted","Persons","thousands",1094.5
"1977-10","British Columbia","Total employed, all industries","Estimate","Seasonally adjusted","Persons","thousands",1087.1
"1977-11","British Columbia","Total employed, all industries","Estimate","Seasonally adjusted","Persons","thousands",1093.6
"1977-12","British Columbia","Total employed, all industries","Estimate","Seasonally adjusted","Persons","thousands",1099.6
"1978-01","British Columbia","Total employed, all industries","Estimate","Seasonally adjusted","Persons","thousands",1107.8
"1978-02","British Columbia","Total employed, all industries","Estimate","Seasonally adjusted","Persons","thousands",1115
"1978-03","British Columbia","Total employed, all industries","Estimate","Seasonally adjusted","Persons","thousands",1123.2
"1978-04","British Columbia","Total employed, all industries","Estimate","Seasonally adjusted","Persons","thousands",1131.4
"1978-05","British Columbia","Total employed, all industries","Estimate","Seasonally adjusted","Persons","thousands",1133
"1978-06","British Columbia","Total employed, all industries","Estimate","Seasonally adjusted","Persons","thousands",1139.4
"1978-07","British Columbia","Total employed, all industries","Estimate","Seasonally adjusted","Persons","thousands",1143.2
"1978-08","British Columbia","Total employed, all industries","Estimate","Seasonally adjusted","Persons","thousands",1145.7
"1978-09","British Columbia","Total employed, all industries","Estimate","Seasonally adjusted","Persons","thousands",1155.6
"1978-10","British Columbia","Total employed, all industries","Estimate","Seasonally adjusted","Persons","thousands",1154.8
"1978-11","British Columbia","Total employed, all industries","Estimate","Seasonally adjusted","Persons","thousands",1153.1
"1978-12","British Columbia","Total employed, all industries","Estimate","Seasonally adjusted","Persons","thousands",1156.6
"1979-01","British Columbia","Total employed, all industries","Estimate","Seasonally adjusted","Persons","thousands",1162.1
"1979-02","British Columbia","Total employed, all industries","Estimate","Seasonally adjusted","Persons","thousands",1155.1
"1979-03","British Columbia","Total employed, all industries","Estimate","Seasonally adjusted","Persons","thousands",1170.4
"1979-04","British Columbia","Total employed, all industries","Estimate","Seasonally adjusted","Persons","thousands",1169.6
"1979-05","British Columbia","Total employed, all industries","Estimate","Seasonally adjusted","Persons","thousands",1176
"1979-06","British Columbia","Total employed, all industries","Estimate","Seasonally adjusted","Persons","thousands",1182.2
"1979-07","British Columbia","Total employed, all industries","Estimate","Seasonally adjusted","Persons","thousands",1190.8
"1979-08","British Columbia","Total employed, all industries","Estimate","Seasonally adjusted","Persons","thousands",1204.9
"1979-09","British Columbia","Total employed, all industries","Estimate","Seasonally adjusted","Persons","thousands",1196.6
"1979-10","British Columbia","Total employed, all industries","Estimate","Seasonally adjusted","Persons","thousands",1211.9
"1979-11","British Columbia","Total employed, all industries","Estimate","Seasonally adjusted","Persons","thousands",1219.9
"1979-12","British Columbia","Total employed, all industries","Estimate","Seasonally adjusted","Persons","thousands",1222.9
"1980-01","British Columbia","Total employed, all industries","Estimate","Seasonally adjusted","Persons","thousands",1222.5
"1980-02","British Columbia","Total employed, all industries","Estimate","Seasonally adjusted","Persons","thousands",1240.6
"1980-03","British Columbia","Total employed, all industries","Estimate","Seasonally adjusted","Persons","thousands",1239.7
"1980-04","British Columbia","Total employed, all industries","Estimate","Seasonally adjusted","Persons","thousands",1254
"1980-05","British Columbia","Total employed, all industries","Estimate","Seasonally adjusted","Persons","thousands",1255.2
"1980-06","British Columbia","Total employed, all industries","Estimate","Seasonally adjusted","Persons","thousands",1262.2
"1980-07","British Columbia","Total employed, all industries","Estimate","Seasonally adjusted","Persons","thousands",1264.2
"1980-08","British Columbia","Total employed, all industries","Estimate","Seasonally adjusted","Persons","thousands",1278.4
"1980-09","British Columbia","Total employed, all industries","Estimate","Seasonally adjusted","Persons","thousands",1279.2
"1980-10","British Columbia","Total employed, all industries","Estimate","Seasonally adjusted","Persons","thousands",1289.4
"1980-11","British Columbia","Total employed, all industries","Estimate","Seasonally adjusted","Persons","thousands",1304.4
"1980-12","British Columbia","Total employed, all industries","Estimate","Seasonally adjusted","Persons","thousands",1301.5
"1981-01","British Columbia","Total employed, all industries","Estimate","Seasonally adjusted","Persons","thousands",1322.8
"1981-02","British Columbia","Total employed, all industries","Estimate","Seasonally adjusted","Persons","thousands",1316.7
"1981-03","British Columbia","Total employed, all industries","Estimate","Seasonally adjusted","Persons","thousands",1320.3
"1981-04","British Columbia","Total employed, all industries","Estimate","Seasonally adjusted","Persons","thousands",1321.3
"1981-05","British Columbia","Total employed, all industries","Estimate","Seasonally adjusted","Persons","thousands",1323.6
"1981-06","British Columbia","Total employed, all industries","Estimate","Seasonally adjusted","Persons","thousands",1330.6
"1981-07","British Columbia","Total employed, all industries","Estimate","Seasonally adjusted","Persons","thousands",1322.3
"1981-08","British Columbia","Total employed, all industries","Estimate","Seasonally adjusted","Persons","thousands",1317
"1981-09","British Columbia","Total employed, all industries","Estimate","Seasonally adjusted","Persons","thousands",1316.9
"1981-10","British Columbia","Total employed, all industries","Estimate","Seasonally adjusted","Persons","thousands",1319.1
"1981-11","British Columbia","Total employed, all industries","Estimate","Seasonally adjusted","Persons","thousands",1318.2
"1981-12","British Columbia","Total employed, all industries","Estimate","Seasonally adjusted","Persons","thousands",1310.6
"1982-01","British Columbia","Total employed, all industries","Estimate","Seasonally adjusted","Persons","thousands",1297.7
"1982-02","British Columbia","Total employed, all industries","Estimate","Seasonally adjusted","Persons","thousands",1292.1
"1982-03","British Columbia","Total employed, all industries","Estimate","Seasonally adjusted","Persons","thousands",1290.9
"1982-04","British Columbia","Total employed, all industries","Estimate","Seasonally adjusted","Persons","thousands",1276.2
"1982-05","British Columbia","Total employed, all industries","Estimate","Seasonally adjusted","Persons","thousands",1272.8
"1982-06","British Columbia","Total employed, all industries","Estimate","Seasonally adjusted","Persons","thousands",1249.3
"1982-07","British Columbia","Total employed, all industries","Estimate","Seasonally adjusted","Persons","thousands",1236.1
"1982-08","British Columbia","Total employed, all industries","Estimate","Seasonally adjusted","Persons","thousands",1235.6
"1982-09","British Columbia","Total employed, all industries","Estimate","Seasonally adjusted","Persons","thousands",1227.1
"1982-10","British Columbia","Total employed, all industries","Estimate","Seasonally adjusted","Persons","thousands",1224.9
"1982-11","British Columbia","Total employed, all industries","Estimate","Seasonally adjusted","Persons","thousands",1221.3
"1982-12","British Columbia","Total employed, all industries","Estimate","Seasonally adjusted","Persons","thousands",1225.2
"1983-01","British Columbia","Total employed, all industries","Estimate","Seasonally adjusted","Persons","thousands",1228.5
"1983-02","British Columbia","Total employed, all industries","Estimate","Seasonally adjusted","Persons","thousands",1237.5
"1983-03","British Columbia","Total employed, all industries","Estimate","Seasonally adjusted","Persons","thousands",1241.1
"1983-04","British Columbia","Total employed, all industries","Estimate","Seasonally adjusted","Persons","thousands",1257.8
"1983-05","British Columbia","Total employed, all industries","Estimate","Seasonally adjusted","Persons","thousands",1239.2
"1983-06","British Columbia","Total employed, all industries","Estimate","Seasonally adjusted","Persons","thousands",1251.2
"1983-07","British Columbia","Total employed, all industries","Estimate","Seasonally adjusted","Persons","thousands",1250.7
"1983-08","British Columbia","Total employed, all industries","Estimate","Seasonally adjusted","Persons","thousands",1246
"1983-09","British Columbia","Total employed, all industries","Estimate","Seasonally adjusted","Persons","thousands",1252.9
"1983-10","British Columbia","Total employed, all industries","Estimate","Seasonally adjusted","Persons","thousands",1247.7
"1983-11","British Columbia","Total employed, all industries","Estimate","Seasonally adjusted","Persons","thousands",1242.9
"1983-12","British Columbia","Total employed, all industries","Estimate","Seasonally adjusted","Persons","thousands",1247.9
"1984-01","British Columbia","Total employed, all industries","Estimate","Seasonally adjusted","Persons","thousands",1243.1
"1984-02","British Columbia","Total employed, all industries","Estimate","Seasonally adjusted","Persons","thousands",1239.5
"1984-03","British Columbia","Total employed, all industries","Estimate","Seasonally adjusted","Persons","thousands",1229.6
"1984-04","British Columbia","Total employed, all industries","Estimate","Seasonally adjusted","Persons","thousands",1234.1
"1984-05","British Columbia","Total employed, all industries","Estimate","Seasonally adjusted","Persons","thousands",1233.7
"1984-06","British Columbia","Total employed, all industries","Estimate","Seasonally adjusted","Persons","thousands",1232.5
"1984-07","British Columbia","Total employed, all industries","Estimate","Seasonally adjusted","Persons","thousands",1245.4
"1984-08","British Columbia","Total employed, all industries","Estimate","Seasonally adjusted","Persons","thousands",1244.8
"1984-09","British Columbia","Total employed, all industries","Estimate","Seasonally adjusted","Persons","thousands",1259.9
"1984-10","British Columbia","Total employed, all industries","Estimate","Seasonally adjusted","Persons","thousands",1255.8
"1984-11","British Columbia","Total employed, all industries","Estimate","Seasonally adjusted","Persons","thousands",1265.7
"1984-12","British Columbia","Total employed, all industries","Estimate","Seasonally adjusted","Persons","thousands",1254.6
"1985-01","British Columbia","Total employed, all industries","Estimate","Seasonally adjusted","Persons","thousands",1267.6
"1985-02","British Columbia","Total employed, all industries","Estimate","Seasonally adjusted","Persons","thousands",1265.5
"1985-03","British Columbia","Total employed, all industries","Estimate","Seasonally adjusted","Persons","thousands",1272
"1985-04","British Columbia","Total employed, all industries","Estimate","Seasonally adjusted","Persons","thousands",1265.6
"1985-05","British Columbia","Total employed, all industries","Estimate","Seasonally adjusted","Persons","thousands",1277.1
"1985-06","British Columbia","Total employed, all industries","Estimate","Seasonally adjusted","Persons","thousands",1266.5
"1985-07","British Columbia","Total employed, all industries","Estimate","Seasonally adjusted","Persons","thousands",1276.4
"1985-08","British Columbia","Total employed, all industries","Estimate","Seasonally adjusted","Persons","thousands",1284.4
"1985-09","British Columbia","Total employed, all industries","Estimate","Seasonally adjusted","Persons","thousands",1291.2
"1985-10","British Columbia","Total employed, all industries","Estimate","Seasonally adjusted","Persons","thousands",1290.2
"1985-11","British Columbia","Total employed, all industries","Estimate","Seasonally adjusted","Persons","thousands",1293.3
"1985-12","British Columbia","Total employed, all industries","Estimate","Seasonally adjusted","Persons","thousands",1302.7
"1986-01","British Columbia","Total employed, all industries","Estimate","Seasonally adjusted","Persons","thousands",1307.5
"1986-02","British Columbia","Total employed, all industries","Estimate","Seasonally adjusted","Persons","thousands",1312.2
"1986-03","British Columbia","Total employed, all industries","Estimate","Seasonally adjusted","Persons","thousands",1313.9
"1986-04","British Columbia","Total employed, all industries","Estimate","Seasonally adjusted","Persons","thousands",1326.4
"1986-05","British Columbia","Total employed, all industries","Estimate","Seasonally adjusted","Persons","thousands",1332.3
"1986-06","British Columbia","Total employed, all industries","Estimate","Seasonally adjusted","Persons","thousands",1340.2
"1986-07","British Columbia","Total employed, all industries","Estimate","Seasonally adjusted","Persons","thousands",1348.6
"1986-08","British Columbia","Total employed, all industries","Estimate","Seasonally adjusted","Persons","thousands",1347.6
"1986-09","British Columbia","Total employed, all industries","Estimate","Seasonally adjusted","Persons","thousands",1347.2
"1986-10","British Columbia","Total employed, all industries","Estimate","Seasonally adjusted","Persons","thousands",1337.6
"1986-11","British Columbia","Total employed, all industries","Estimate","Seasonally adjusted","Persons","thousands",1333.6
"1986-12","British Columbia","Total employed, all industries","Estimate","Seasonally adjusted","Persons","thousands",1330.2
"1987-01","British Columbia","Total employed, all industries","Estimate","Seasonally adjusted","Persons","thousands",1328.6
"1987-02","British Columbia","Total employed, all industries","Estimate","Seasonally adjusted","Persons","thousands",1346.2
"1987-03","British Columbia","Total employed, all industries","Estimate","Seasonally adjusted","Persons","thousands",1349.1
"1987-04","British Columbia","Total employed, all industries","Estimate","Seasonally adjusted","Persons","thousands",1360.4
"1987-05","British Columbia","Total employed, all industries","Estimate","Seasonally adjusted","Persons","thousands",1377.4
"1987-06","British Columbia","Total employed, all industries","Estimate","Seasonally adjusted","Persons","thousands",1384.6
"1987-07","British Columbia","Total employed, all industries","Estimate","Seasonally adjusted","Persons","thousands",1374
"1987-08","British Columbia","Total employed, all industries","Estimate","Seasonally adjusted","Persons","thousands",1387.7
"1987-09","British Columbia","Total employed, all industries","Estimate","Seasonally adjusted","Persons","thousands",1393.7
"1987-10","British Columbia","Total employed, all industries","Estimate","Seasonally adjusted","Persons","thousands",1403.3
"1987-11","British Columbia","Total employed, all industries","Estimate","Seasonally adjusted","Persons","thousands",1408.3
"1987-12","British Columbia","Total employed, all industries","Estimate","Seasonally adjusted","Persons","thousands",1420.3
"1988-01","British Columbia","Total employed, all industries","Estimate","Seasonally adjusted","Persons","thousands",1424.4
"1988-02","British Columbia","Total employed, all industries","Estimate","Seasonally adjusted","Persons","thousands",1418.1
"1988-03","British Columbia","Total employed, all industries","Estimate","Seasonally adjusted","Persons","thousands",1427.3
"1988-04","British Columbia","Total employed, all industries","Estimate","Seasonally adjusted","Persons","thousands",1432.7
"1988-05","British Columbia","Total employed, all industries","Estimate","Seasonally adjusted","Persons","thousands",1426.4
"1988-06","British Columbia","Total employed, all industries","Estimate","Seasonally adjusted","Persons","thousands",1429.8
"1988-07","British Columbia","Total employed, all industries","Estimate","Seasonally adjusted","Persons","thousands",1439.3
"1988-08","British Columbia","Total employed, all industries","Estimate","Seasonally adjusted","Persons","thousands",1442.7
"1988-09","British Columbia","Total employed, all industries","Estimate","Seasonally adjusted","Persons","thousands",1432.4
"1988-10","British Columbia","Total employed, all industries","Estimate","Seasonally adjusted","Persons","thousands",1443.9
"1988-11","British Columbia","Total employed, all industries","Estimate","Seasonally adjusted","Persons","thousands",1448.9
"1988-12","British Columbia","Total employed, all industries","Estimate","Seasonally adjusted","Persons","thousands",1452.6
"1989-01","British Columbia","Total employed, all industries","Estimate","Seasonally adjusted","Persons","thousands",1472.3
"1989-02","British Columbia","Total employed, all industries","Estimate","Seasonally adjusted","Persons","thousands",1488.2
"1989-03","British Columbia","Total employed, all industries","Estimate","Seasonally adjusted","Persons","thousands",1491.6
"1989-04","British Columbia","Total employed, all industries","Estimate","Seasonally adjusted","Persons","thousands",1502.1
"1989-05","British Columbia","Total employed, all industries","Estimate","Seasonally adjusted","Persons","thousands",1497.3
"1989-06","British Columbia","Total employed, all industries","Estimate","Seasonally adjusted","Persons","thousands",1507.6
"1989-07","British Columbia","Total employed, all industries","Estimate","Seasonally adjusted","Persons","thousands",1502.1
"1989-08","British Columbia","Total employed, all industries","Estimate","Seasonally adjusted","Persons","thousands",1511.1
"1989-09","British Columbia","Total employed, all industries","Estimate","Seasonally adjusted","Persons","thousands",1518.1
"1989-10","British Columbia","Total employed, all industries","Estimate","Seasonally adjusted","Persons","thousands",1523.8
"1989-11","British Columbia","Total employed, all industries","Estimate","Seasonally adjusted","Persons","thousands",1535.9
"1989-12","British Columbia","Total employed, all industries","Estimate","Seasonally adjusted","Persons","thousands",1543.6
"1990-01","British Columbia","Total employed, all industries","Estimate","Seasonally adjusted","Persons","thousands",1558.4
"1990-02","British Columbia","Total employed, all industries","Estimate","Seasonally adjusted","Persons","thousands",1546.8
"1990-03","British Columbia","Total employed, all industries","Estimate","Seasonally adjusted","Persons","thousands",1547.5
"1990-04","British Columbia","Total employed, all industries","Estimate","Seasonally adjusted","Persons","thousands",1555.7
"1990-05","British Columbia","Total employed, all industries","Estimate","Seasonally adjusted","Persons","thousands",1551.4
"1990-06","British Columbia","Total employed, all industries","Estimate","Seasonally adjusted","Persons","thousands",1550.6
"1990-07","British Columbia","Total employed, all industries","Estimate","Seasonally adjusted","Persons","thousands",1564.3
"1990-08","British Columbia","Total employed, all industries","Estimate","Seasonally adjusted","Persons","thousands",1574.5
"1990-09","British Columbia","Total employed, all industries","Estimate","Seasonally adjusted","Persons","thousands",1572.2
"1990-10","British Columbia","Total employed, all industries","Estimate","Seasonally adjusted","Persons","thousands",1564.3
"1990-11","British Columbia","Total employed, all industries","Estimate","Seasonally adjusted","Persons","thousands",1561.2
"1990-12","British Columbia","Total employed, all industries","Estimate","Seasonally adjusted","Persons","thousands",1557.6
"1991-01","British Columbia","Total employed, all industries","Estimate","Seasonally adjusted","Persons","thousands",1558.7
"1991-02","British Columbia","Total employed, all industries","Estimate","Seasonally adjusted","Persons","thousands",1560.2
"1991-03","British Columbia","Total employed, all industries","Estimate","Seasonally adjusted","Persons","thousands",1559.2
"1991-04","British Columbia","Total employed, all industries","Estimate","Seasonally adjusted","Persons","thousands",1570.6
"1991-05","British Columbia","Total employed, all industries","Estimate","Seasonally adjusted","Persons","thousands",1571.9
"1991-06","British Columbia","Total employed, all industries","Estimate","Seasonally adjusted","Persons","thousands",1583.9
"1991-07","British Columbia","Total employed, all industries","Estimate","Seasonally adjusted","Persons","thousands",1578.9
"1991-08","British Columbia","Total employed, all industries","Estimate","Seasonally adjusted","Persons","thousands",1579.3
"1991-09","British Columbia","Total employed, all industries","Estimate","Seasonally adjusted","Persons","thousands",1589.8
"1991-10","British Columbia","Total employed, all industries","Estimate","Seasonally adjusted","Persons","thousands",1598.1
"1991-11","British Columbia","Total employed, all industries","Estimate","Seasonally adjusted","Persons","thousands",1587.3
"1991-12","British Columbia","Total employed, all industries","Estimate","Seasonally adjusted","Persons","thousands",1584.7
"1992-01","British Columbia","Total employed, all industries","Estimate","Seasonally adjusted","Persons","thousands",1590.6
"1992-02","British Columbia","Total employed, all industries","Estimate","Seasonally adjusted","Persons","thousands",1599.6
"1992-03","British Columbia","Total employed, all industries","Estimate","Seasonally adjusted","Persons","thousands",1604.5
"1992-04","British Columbia","Total employed, all industries","Estimate","Seasonally adjusted","Persons","thousands",1607.2
"1992-05","British Columbia","Total employed, all industries","Estimate","Seasonally adjusted","Persons","thousands",1622
"1992-06","British Columbia","Total employed, all industries","Estimate","Seasonally adjusted","Persons","thousands",1613.2
"1992-07","British Columbia","Total employed, all industries","Estimate","Seasonally adjusted","Persons","thousands",1614
"1992-08","British Columbia","Total employed, all industries","Estimate","Seasonally adjusted","Persons","thousands",1620.5
"1992-09","British Columbia","Total employed, all industries","Estimate","Seasonally adjusted","Persons","thousands",1617.2
"1992-10","British Columbia","Total employed, all industries","Estimate","Seasonally adjusted","Persons","thousands",1628
"1992-11","British Columbia","Total employed, all industries","Estimate","Seasonally adjusted","Persons","thousands",1639.7
"1992-12","British Columbia","Total employed, all industries","Estimate","Seasonally adjusted","Persons","thousands",1649.5
"1993-01","British Columbia","Total employed, all industries","Estimate","Seasonally adjusted","Persons","thousands",1637.3
"1993-02","British Columbia","Total employed, all industries","Estimate","Seasonally adjusted","Persons","thousands",1640.9
"1993-03","British Columbia","Total employed, all industries","Estimate","Seasonally adjusted","Persons","thousands",1642.1
"1993-04","British Columbia","Total employed, all industries","Estimate","Seasonally adjusted","Persons","thousands",1649.3
"1993-05","British Columbia","Total employed, all industries","Estimate","Seasonally adjusted","Persons","thousands",1654.5
"1993-06","British Columbia","Total employed, all industries","Estimate","Seasonally adjusted","Persons","thousands",1663.8
"1993-07","British Columbia","Total employed, all industries","Estimate","Seasonally adjusted","Persons","thousands",1671.7
"1993-08","British Columbia","Total employed, all industries","Estimate","Seasonally adjusted","Persons","thousands",1681.9
"1993-09","British Columbia","Total employed, all industries","Estimate","Seasonally adjusted","Persons","thousands",1684.4
"1993-10","British Columbia","Total employed, all industries","Estimate","Seasonally adjusted","Persons","thousands",1683.9
"1993-11","British Columbia","Total employed, all industries","Estimate","Seasonally adjusted","Persons","thousands",1705.4
"1993-12","British Columbia","Total employed, all industries","Estimate","Seasonally adjusted","Persons","thousands",1703.8
"1994-01","British Columbia","Total employed, all industries","Estimate","Seasonally adjusted","Persons","thousands",1710.4
"1994-02","British Columbia","Total employed, all industries","Estimate","Seasonally adjusted","Persons","thousands",1722.5
"1994-03","British Columbia","Total employed, all industries","Estimate","Seasonally adjusted","Persons","thousands",1723.2
"1994-04","British Columbia","Total employed, all industries","Estimate","Seasonally adjusted","Persons","thousands",1712
"1994-05","British Columbia","Total employed, all industries","Estimate","Seasonally adjusted","Persons","thousands",1737.1
"1994-06","British Columbia","Total employed, all industries","Estimate","Seasonally adjusted","Persons","thousands",1742.7
"1994-07","British Columbia","Total employed, all industries","Estimate","Seasonally adjusted","Persons","thousands",1743.6
"1994-08","British Columbia","Total employed, all industries","Estimate","Seasonally adjusted","Persons","thousands",1748.8
"1994-09","British Columbia","Total employed, all industries","Estimate","Seasonally adjusted","Persons","thousands",1767.5
"1994-10","British Columbia","Total employed, all industries","Estimate","Seasonally adjusted","Persons","thousands",1765.3
"1994-11","British Columbia","Total employed, all industries","Estimate","Seasonally adjusted","Persons","thousands",1777.5
"1994-12","British Columbia","Total employed, all industries","Estimate","Seasonally adjusted","Persons","thousands",1775.1
"1995-01","British Columbia","Total employed, all industries","Estimate","Seasonally adjusted","Persons","thousands",1779.1
"1995-02","British Columbia","Total employed, all industries","Estimate","Seasonally adjusted","Persons","thousands",1768.1
"1995-03","British Columbia","Total employed, all industries","Estimate","Seasonally adjusted","Persons","thousands",1789.4
"1995-04","British Columbia","Total employed, all industries","Estimate","Seasonally adjusted","Persons","thousands",1784.4
"1995-05","British Columbia","Total employed, all industries","Estimate","Seasonally adjusted","Persons","thousands",1782.5
"1995-06","British Columbia","Total employed, all industries","Estimate","Seasonally adjusted","Persons","thousands",1786.3
"1995-07","British Columbia","Total employed, all industries","Estimate","Seasonally adjusted","Persons","thousands",1788
"1995-08","British Columbia","Total employed, all industries","Estimate","Seasonally adjusted","Persons","thousands",1788.5
"1995-09","British Columbia","Total employed, all industries","Estimate","Seasonally adjusted","Persons","thousands",1797.8
"1995-10","British Columbia","Total employed, all industries","Estimate","Seasonally adjusted","Persons","thousands",1795.9
"1995-11","British Columbia","Total employed, all industries","Estimate","Seasonally adjusted","Persons","thousands",1784.4
"1995-12","British Columbia","Total employed, all industries","Estimate","Seasonally adjusted","Persons","thousands",1785.1
"1996-01","British Columbia","Total employed, all industries","Estimate","Seasonally adjusted","Persons","thousands",1790.8
"1996-02","British Columbia","Total employed, all industries","Estimate","Seasonally adjusted","Persons","thousands",1797.7
"1996-03","British Columbia","Total employed, all industries","Estimate","Seasonally adjusted","Persons","thousands",1804.9
"1996-04","British Columbia","Total employed, all industries","Estimate","Seasonally adjusted","Persons","thousands",1812.4
"1996-05","British Columbia","Total employed, all industries","Estimate","Seasonally adjusted","Persons","thousands",1824
"1996-06","British Columbia","Total employed, all industries","Estimate","Seasonally adjusted","Persons","thousands",1817.7
"1996-07","British Columbia","Total employed, all industries","Estimate","Seasonally adjusted","Persons","thousands",1830.6
"1996-08","British Columbia","Total employed, all industries","Estimate","Seasonally adjusted","Persons","thousands",1815.2
"1996-09","British Columbia","Total employed, all industries","Estimate","Seasonally adjusted","Persons","thousands",1807.8
"1996-10","British Columbia","Total employed, all industries","Estimate","Seasonally adjusted","Persons","thousands",1808.8
"1996-11","British Columbia","Total employed, all industries","Estimate","Seasonally adjusted","Persons","thousands",1817.5
"1996-12","British Columbia","Total employed, all industries","Estimate","Seasonally adjusted","Persons","thousands",1830.2
"1997-01","British Columbia","Total employed, all industries","Estimate","Seasonally adjusted","Persons","thousands",1849
"1997-02","British Columbia","Total employed, all industries","Estimate","Seasonally adjusted","Persons","thousands",1843.4
"1997-03","British Columbia","Total employed, all industries","Estimate","Seasonally adjusted","Persons","thousands",1840.8
"1997-04","British Columbia","Total employed, all industries","Estimate","Seasonally adjusted","Persons","thousands",1847.4
"1997-05","British Columbia","Total employed, all industries","Estimate","Seasonally adjusted","Persons","thousands",1855.4
"1997-06","British Columbia","Total employed, all industries","Estimate","Seasonally adjusted","Persons","thousands",1851.1
"1997-07","British Columbia","Total employed, all industries","Estimate","Seasonally adjusted","Persons","thousands",1871.9
"1997-08","British Columbia","Total employed, all industries","Estimate","Seasonally adjusted","Persons","thousands",1876.8
"1997-09","British Columbia","Total employed, all industries","Estimate","Seasonally adjusted","Persons","thousands",1870.3
"1997-10","British Columbia","Total employed, all industries","Estimate","Seasonally adjusted","Persons","thousands",1865.6
"1997-11","British Columbia","Total employed, all industries","Estimate","Seasonally adjusted","Persons","thousands",1876.1
"1997-12","British Columbia","Total employed, all industries","Estimate","Seasonally adjusted","Persons","thousands",1866.7
"1998-01","British Columbia","Total employed, all industries","Estimate","Seasonally adjusted","Persons","thousands",1855
"1998-02","British Columbia","Total employed, all industries","Estimate","Seasonally adjusted","Persons","thousands",1844.7
"1998-03","British Columbia","Total employed, all industries","Estimate","Seasonally adjusted","Persons","thousands",1851.1
"1998-04","British Columbia","Total employed, all industries","Estimate","Seasonally adjusted","Persons","thousands",1854
"1998-05","British Columbia","Total employed, all industries","Estimate","Seasonally adjusted","Persons","thousands",1853.1
"1998-06","British Columbia","Total employed, all industries","Estimate","Seasonally adjusted","Persons","thousands",1853.6
"1998-07","British Columbia","Total employed, all industries","Estimate","Seasonally adjusted","Persons","thousands",1856.1
"1998-08","British Columbia","Total employed, all industries","Estimate","Seasonally adjusted","Persons","thousands",1856.5
"1998-09","British Columbia","Total employed, all industries","Estimate","Seasonally adjusted","Persons","thousands",1867.7
"1998-10","British Columbia","Total employed, all industries","Estimate","Seasonally adjusted","Persons","thousands",1869.8
"1998-11","British Columbia","Total employed, all industries","Estimate","Seasonally adjusted","Persons","thousands",1877.8
"1998-12","British Columbia","Total employed, all industries","Estimate","Seasonally adjusted","Persons","thousands",1859.3
"1999-01","British Columbia","Total employed, all industries","Estimate","Seasonally adjusted","Persons","thousands",1891.3
"1999-02","British Columbia","Total employed, all industries","Estimate","Seasonally adjusted","Persons","thousands",1886.3
"1999-03","British Columbia","Total employed, all industries","Estimate","Seasonally adjusted","Persons","thousands",1890.8
"1999-04","British Columbia","Total employed, all industries","Estimate","Seasonally adjusted","Persons","thousands",1890.8
"1999-05","British Columbia","Total employed, all industries","Estimate","Seasonally adjusted","Persons","thousands",1882.2
"1999-06","British Columbia","Total employed, all industries","Estimate","Seasonally adjusted","Persons","thousands",1888.2
"1999-07","British Columbia","Total employed, all industries","Estimate","Seasonally adjusted","Persons","thousands",1889.7
"1999-08","British Columbia","Total employed, all industries","Estimate","Seasonally adjusted","Persons","thousands",1897.1
"1999-09","British Columbia","Total employed, all industries","Estimate","Seasonally adjusted","Persons","thousands",1904.5
"1999-10","British Columbia","Total employed, all industries","Estimate","Seasonally adjusted","Persons","thousands",1890.5
"1999-11","British Columbia","Total employed, all industries","Estimate","Seasonally adjusted","Persons","thousands",1904.4
"1999-12","British Columbia","Total employed, all industries","Estimate","Seasonally adjusted","Persons","thousands",1917
"2000-01","British Columbia","Total employed, all industries","Estimate","Seasonally adjusted","Persons","thousands",1926.4
"2000-02","British Columbia","Total employed, all industries","Estimate","Seasonally adjusted","Persons","thousands",1935.4
"2000-03","British Columbia","Total employed, all industries","Estimate","Seasonally adjusted","Persons","thousands",1926.2
"2000-04","British Columbia","Total employed, all industries","Estimate","Seasonally adjusted","Persons","thousands",1920.9
"2000-05","British Columbia","Total employed, all industries","Estimate","Seasonally adjusted","Persons","thousands",1931.4
"2000-06","British Columbia","Total employed, all industries","Estimate","Seasonally adjusted","Persons","thousands",1934.4
"2000-07","British Columbia","Total employed, all industries","Estimate","Seasonally adjusted","Persons","thousands",1913.4
"2000-08","British Columbia","Total employed, all industries","Estimate","Seasonally adjusted","Persons","thousands",1927.1
"2000-09","British Columbia","Total employed, all industries","Estimate","Seasonally adjusted","Persons","thousands",1933.7
"2000-10","British Columbia","Total employed, all industries","Estimate","Seasonally adjusted","Persons","thousands",1939.2
"2000-11","British Columbia","Total employed, all industries","Estimate","Seasonally adjusted","Persons","thousands",1941.3
"2000-12","British Columbia","Total employed, all industries","Estimate","Seasonally adjusted","Persons","thousands",1948.4
"2001-01","British Columbia","Total employed, all industries","Estimate","Seasonally adjusted","Persons","thousands",1924.7
"2001-02","British Columbia","Total employed, all industries","Estimate","Seasonally adjusted","Persons","thousands",1930.8
"2001-03","British Columbia","Total employed, all industries","Estimate","Seasonally adjusted","Persons","thousands",1944.7
"2001-04","British Columbia","Total employed, all industries","Estimate","Seasonally adjusted","Persons","thousands",1935.1
"2001-05","British Columbia","Total employed, all industries","Estimate","Seasonally adjusted","Persons","thousands",1949
"2001-06","British Columbia","Total employed, all industries","Estimate","Seasonally adjusted","Persons","thousands",1924.9
"2001-07","British Columbia","Total employed, all industries","Estimate","Seasonally adjusted","Persons","thousands",1923.1
"2001-08","British Columbia","Total employed, all industries","Estimate","Seasonally adjusted","Persons","thousands",1906.7
"2001-09","British Columbia","Total employed, all industries","Estimate","Seasonally adjusted","Persons","thousands",1913.8
"2001-10","British Columbia","Total employed, all industries","Estimate","Seasonally adjusted","Persons","thousands",1898.6
"2001-11","British Columbia","Total employed, all industries","Estimate","Seasonally adjusted","Persons","thousands",1903.9
"2001-12","British Columbia","Total employed, all industries","Estimate","Seasonally adjusted","Persons","thousands",1894.5
"2002-01","British Columbia","Total employed, all industries","Estimate","Seasonally adjusted","Persons","thousands",1920.1
"2002-02","British Columbia","Total employed, all industries","Estimate","Seasonally adjusted","Persons","thousands",1914.5
"2002-03","British Columbia","Total employed, all industries","Estimate","Seasonally adjusted","Persons","thousands",1920.1
"2002-04","British Columbia","Total employed, all industries","Estimate","Seasonally adjusted","Persons","thousands",1935.4
"2002-05","British Columbia","Total employed, all industries","Estimate","Seasonally adjusted","Persons","thousands",1929.1
"2002-06","British Columbia","Total employed, all industries","Estimate","Seasonally adjusted","Persons","thousands",1953.6
"2002-07","British Columbia","Total employed, all industries","Estimate","Seasonally adjusted","Persons","thousands",1963.4
"2002-08","British Columbia","Total employed, all industries","Estimate","Seasonally adjusted","Persons","thousands",1981.1
"2002-09","British Columbia","Total employed, all industries","Estimate","Seasonally adjusted","Persons","thousands",1984.5
"2002-10","British Columbia","Total employed, all industries","Estimate","Seasonally adjusted","Persons","thousands",1969.1
"2002-11","British Columbia","Total employed, all industries","Estimate","Seasonally adjusted","Persons","thousands",1973.4
"2002-12","British Columbia","Total employed, all industries","Estimate","Seasonally adjusted","Persons","thousands",1963.2
"2003-01","British Columbia","Total employed, all industries","Estimate","Seasonally adjusted","Persons","thousands",1968.2
"2003-02","British Columbia","Total employed, all industries","Estimate","Seasonally adjusted","Persons","thousands",1984.2
"2003-03","British Columbia","Total employed, all industries","Estimate","Seasonally adjusted","Persons","thousands",1996.7
"2003-04","British Columbia","Total employed, all industries","Estimate","Seasonally adjusted","Persons","thousands",1994.1
"2003-05","British Columbia","Total employed, all industries","Estimate","Seasonally adjusted","Persons","thousands",1982.3
"2003-06","British Columbia","Total employed, all industries","Estimate","Seasonally adjusted","Persons","thousands",1989.3
"2003-07","British Columbia","Total employed, all industries","Estimate","Seasonally adjusted","Persons","thousands",1996.8
"2003-08","British Columbia","Total employed, all industries","Estimate","Seasonally adjusted","Persons","thousands",2001
"2003-09","British Columbia","Total employed, all industries","Estimate","Seasonally adjusted","Persons","thousands",1998.2
"2003-10","British Columbia","Total employed, all industries","Estimate","Seasonally adjusted","Persons","thousands",2018.3
"2003-11","British Columbia","Total employed, all industries","Estimate","Seasonally adjusted","Persons","thousands",2012.1
"2003-12","British Columbia","Total employed, all industries","Estimate","Seasonally adjusted","Persons","thousands",2029.7
"2004-01","British Columbia","Total employed, all industries","Estimate","Seasonally adjusted","Persons","thousands",2022.8
"2004-02","British Columbia","Total employed, all industries","Estimate","Seasonally adjusted","Persons","thousands",2002
"2004-03","British Columbia","Total employed, all industries","Estimate","Seasonally adjusted","Persons","thousands",2004.7
"2004-04","British Columbia","Total employed, all industries","Estimate","Seasonally adjusted","Persons","thousands",1999.7
"2004-05","British Columbia","Total employed, all industries","Estimate","Seasonally adjusted","Persons","thousands",2018.8
"2004-06","British Columbia","Total employed, all industries","Estimate","Seasonally adjusted","Persons","thousands",2043.3
"2004-07","British Columbia","Total employed, all industries","Estimate","Seasonally adjusted","Persons","thousands",2040.3
"2004-08","British Columbia","Total employed, all industries","Estimate","Seasonally adjusted","Persons","thousands",2037.2
"2004-09","British Columbia","Total employed, all industries","Estimate","Seasonally adjusted","Persons","thousands",2041.7
"2004-10","British Columbia","Total employed, all industries","Estimate","Seasonally adjusted","Persons","thousands",2045
"2004-11","British Columbia","Total employed, all industries","Estimate","Seasonally adjusted","Persons","thousands",2040.8
"2004-12","British Columbia","Total employed, all industries","Estimate","Seasonally adjusted","Persons","thousands",2060.2
"2005-01","British Columbia","Total employed, all industries","Estimate","Seasonally adjusted","Persons","thousands",2058.7
"2005-02","British Columbia","Total employed, all industries","Estimate","Seasonally adjusted","Persons","thousands",2064.7
"2005-03","British Columbia","Total employed, all industries","Estimate","Seasonally adjusted","Persons","thousands",2062
"2005-04","British Columbia","Total employed, all industries","Estimate","Seasonally adjusted","Persons","thousands",2074.6
"2005-05","British Columbia","Total employed, all industries","Estimate","Seasonally adjusted","Persons","thousands",2078
"2005-06","British Columbia","Total employed, all industries","Estimate","Seasonally adjusted","Persons","thousands",2082.8
"2005-07","British Columbia","Total employed, all industries","Estimate","Seasonally adjusted","Persons","thousands",2091.8
"2005-08","British Columbia","Total employed, all industries","Estimate","Seasonally adjusted","Persons","thousands",2104.1
"2005-09","British Columbia","Total employed, all industries","Estimate","Seasonally adjusted","Persons","thousands",2097.1
"2005-10","British Columbia","Total employed, all industries","Estimate","Seasonally adjusted","Persons","thousands",2112.3
"2005-11","British Columbia","Total employed, all industries","Estimate","Seasonally adjusted","Persons","thousands",2127.4
"2005-12","British Columbia","Total employed, all industries","Estimate","Seasonally adjusted","Persons","thousands",2127.5
"2006-01","British Columbia","Total employed, all industries","Estimate","Seasonally adjusted","Persons","thousands",2126.9
"2006-02","British Columbia","Total employed, all industries","Estimate","Seasonally adjusted","Persons","thousands",2141.9
"2006-03","British Columbia","Total employed, all industries","Estimate","Seasonally adjusted","Persons","thousands",2144.6
"2006-04","British Columbia","Total employed, all industries","Estimate","Seasonally adjusted","Persons","thousands",2154.6
"2006-05","British Columbia","Total employed, all industries","Estimate","Seasonally adjusted","Persons","thousands",2151.7
"2006-06","British Columbia","Total employed, all industries","Estimate","Seasonally adjusted","Persons","thousands",2139.6
"2006-07","British Columbia","Total employed, all industries","Estimate","Seasonally adjusted","Persons","thousands",2152.2
"2006-08","British Columbia","Total employed, all industries","Estimate","Seasonally adjusted","Persons","thousands",2149.1
"2006-09","British Columbia","Total employed, all industries","Estimate","Seasonally adjusted","Persons","thousands",2164.7
"2006-10","British Columbia","Total employed, all industries","Estimate","Seasonally adjusted","Persons","thousands",2176.2
"2006-11","British Columbia","Total employed, all industries","Estimate","Seasonally adjusted","Persons","thousands",2165.9
"2006-12","British Columbia","Total employed, all industries","Estimate","Seasonally adjusted","Persons","thousands",2178.3
"2007-01","British Columbia","Total employed, all industries","Estimate","Seasonally adjusted","Persons","thousands",2190
"2007-02","British Columbia","Total employed, all industries","Estimate","Seasonally adjusted","Persons","thousands",2196.4
"2007-03","British Columbia","Total employed, all industries","Estimate","Seasonally adjusted","Persons","thousands",2203.4
"2007-04","British Columbia","Total employed, all industries","Estimate","Seasonally adjusted","Persons","thousands",2198.6
"2007-05","British Columbia","Total employed, all industries","Estimate","Seasonally adjusted","Persons","thousands",2209
"2007-06","British Columbia","Total employed, all industries","Estimate","Seasonally adjusted","Persons","thousands",2205.8
"2007-07","British Columbia","Total employed, all industries","Estimate","Seasonally adjusted","Persons","thousands",2206.6
"2007-08","British Columbia","Total employed, all industries","Estimate","Seasonally adjusted","Persons","thousands",2213
"2007-09","British Columbia","Total employed, all industries","Estimate","Seasonally adjusted","Persons","thousands",2218.1
"2007-10","British Columbia","Total employed, all industries","Estimate","Seasonally adjusted","Persons","thousands",2227.1
"2007-11","British Columbia","Total employed, all industries","Estimate","Seasonally adjusted","Persons","thousands",2238
"2007-12","British Columbia","Total employed, all industries","Estimate","Seasonally adjusted","Persons","thousands",2237.2
"2008-01","British Columbia","Total employed, all industries","Estimate","Seasonally adjusted","Persons","thousands",2243.4
"2008-02","British Columbia","Total employed, all industries","Estimate","Seasonally adjusted","Persons","thousands",2237.3
"2008-03","British Columbia","Total employed, all industries","Estimate","Seasonally adjusted","Persons","thousands",2247.7
"2008-04","British Columbia","Total employed, all industries","Estimate","Seasonally adjusted","Persons","thousands",2243.6
"2008-05","British Columbia","Total employed, all industries","Estimate","Seasonally adjusted","Persons","thousands",2249.1
"2008-06","British Columbia","Total employed, all industries","Estimate","Seasonally adjusted","Persons","thousands",2256.4
"2008-07","British Columbia","Total employed, all industries","Estimate","Seasonally adjusted","Persons","thousands",2256.6
"2008-08","British Columbia","Total employed, all industries","Estimate","Seasonally adjusted","Persons","thousands",2257.4
"2008-09","British Columbia","Total employed, all industries","Estimate","Seasonally adjusted","Persons","thousands",2244.6
"2008-10","British Columbia","Total employed, all industries","Estimate","Seasonally adjusted","Persons","thousands",2237.1
"2008-11","British Columbia","Total employed, all industries","Estimate","Seasonally adjusted","Persons","thousands",2227.9
"2008-12","British Columbia","Total employed, all industries","Estimate","Seasonally adjusted","Persons","thousands",2227.6
"2009-01","British Columbia","Total employed, all industries","Estimate","Seasonally adjusted","Persons","thousands",2209
"2009-02","British Columbia","Total employed, all industries","Estimate","Seasonally adjusted","Persons","thousands",2201.3
"2009-03","British Columbia","Total employed, all industries","Estimate","Seasonally adjusted","Persons","thousands",2195.7
"2009-04","British Columbia","Total employed, all industries","Estimate","Seasonally adjusted","Persons","thousands",2197.1
"2009-05","British Columbia","Total employed, all industries","Estimate","Seasonally adjusted","Persons","thousands",2209.2
"2009-06","British Columbia","Total employed, all industries","Estimate","Seasonally adjusted","Persons","thousands",2205
"2009-07","British Columbia","Total employed, all industries","Estimate","Seasonally adjusted","Persons","thousands",2199.5
"2009-08","British Columbia","Total employed, all industries","Estimate","Seasonally adjusted","Persons","thousands",2200.2
"2009-09","British Columbia","Total employed, all industries","Estimate","Seasonally adjusted","Persons","thousands",2211.9
"2009-10","British Columbia","Total employed, all industries","Estimate","Seasonally adjusted","Persons","thousands",2200.7
"2009-11","British Columbia","Total employed, all industries","Estimate","Seasonally adjusted","Persons","thousands",2206.5
"2009-12","British Columbia","Total employed, all industries","Estimate","Seasonally adjusted","Persons","thousands",2200.9
"2010-01","British Columbia","Total employed, all industries","Estimate","Seasonally adjusted","Persons","thousands",2213.2
"2010-02","British Columbia","Total employed, all industries","Estimate","Seasonally adjusted","Persons","thousands",2222.6
"2010-03","British Columbia","Total employed, all industries","Estimate","Seasonally adjusted","Persons","thousands",2220.6
"2010-04","British Columbia","Total employed, all industries","Estimate","Seasonally adjusted","Persons","thousands",2221.1
"2010-05","British Columbia","Total employed, all industries","Estimate","Seasonally adjusted","Persons","thousands",2219.5
"2010-06","British Columbia","Total employed, all industries","Estimate","Seasonally adjusted","Persons","thousands",2221.9
"2010-07","British Columbia","Total employed, all industries","Estimate","Seasonally adjusted","Persons","thousands",2229.1
"2010-08","British Columbia","Total employed, all industries","Estimate","Seasonally adjusted","Persons","thousands",2233.6
"2010-09","British Columbia","Total employed, all industries","Estimate","Seasonally adjusted","Persons","thousands",2225.1
"2010-10","British Columbia","Total employed, all industries","Estimate","Seasonally adjusted","Persons","thousands",2217
"2010-11","British Columbia","Total employed, all industries","Estimate","Seasonally adjusted","Persons","thousands",2235.6
"2010-12","British Columbia","Total employed, all industries","Estimate","Seasonally adjusted","Persons","thousands",2219.8
"2011-01","British Columbia","Total employed, all industries","Estimate","Seasonally adjusted","Persons","thousands",2226.7
"2011-02","British Columbia","Total employed, all industries","Estimate","Seasonally adjusted","Persons","thousands",2220.9
"2011-03","British Columbia","Total employed, all industries","Estimate","Seasonally adjusted","Persons","thousands",2233.2
"2011-04","British Columbia","Total employed, all industries","Estimate","Seasonally adjusted","Persons","thousands",2234.6
"2011-05","British Columbia","Total employed, all industries","Estimate","Seasonally adjusted","Persons","thousands",2218.1
"2011-06","British Columbia","Total employed, all industries","Estimate","Seasonally adjusted","Persons","thousands",2218.7
"2011-07","British Columbia","Total employed, all industries","Estimate","Seasonally adjusted","Persons","thousands",2226.2
"2011-08","British Columbia","Total employed, all industries","Estimate","Seasonally adjusted","Persons","thousands",2227.2
"2011-09","British Columbia","Total employed, all industries","Estimate","Seasonally adjusted","Persons","thousands",2245.4
"2011-10","British Columbia","Total employed, all industries","Estimate","Seasonally adjusted","Persons","thousands",2255.8
"2011-11","British Columbia","Total employed, all industries","Estimate","Seasonally adjusted","Persons","thousands",2255.1
"2011-12","British Columbia","Total employed, all industries","Estimate","Seasonally adjusted","Persons","thousands",2262.8
"2012-01","British Columbia","Total employed, all industries","Estimate","Seasonally adjusted","Persons","thousands",2270.1
"2012-02","British Columbia","Total employed, all industries","Estimate","Seasonally adjusted","Persons","thousands",2274.1
"2012-03","British Columbia","Total employed, all industries","Estimate","Seasonally adjusted","Persons","thousands",2270.9
"2012-04","British Columbia","Total employed, all industries","Estimate","Seasonally adjusted","Persons","thousands",2292.3
"2012-05","British Columbia","Total employed, all industries","Estimate","Seasonally adjusted","Persons","thousands",2288.3
"2012-06","British Columbia","Total employed, all industries","Estimate","Seasonally adjusted","Persons","thousands",2295.5
"2012-07","British Columbia","Total employed, all industries","Estimate","Seasonally adjusted","Persons","thousands",2293.6
"2012-08","British Columbia","Total employed, all industries","Estimate","Seasonally adjusted","Persons","thousands",2308.3
"2012-09","British Columbia","Total employed, all industries","Estimate","Seasonally adjusted","Persons","thousands",2312.9
"2012-10","British Columbia","Total employed, all industries","Estimate","Seasonally adjusted","Persons","thousands",2320.7
"2012-11","British Columbia","Total employed, all industries","Estimate","Seasonally adjusted","Persons","thousands",2319.2
"2012-12","British Columbia","Total employed, all industries","Estimate","Seasonally adjusted","Persons","thousands",2314.6
"2013-01","British Columbia","Total employed, all industries","Estimate","Seasonally adjusted","Persons","thousands",2309.8
"2013-02","British Columbia","Total employed, all industries","Estimate","Seasonally adjusted","Persons","thousands",2329
"2013-03","British Columbia","Total employed, all industries","Estimate","Seasonally adjusted","Persons","thousands",2309.2
"2013-04","British Columbia","Total employed, all industries","Estimate","Seasonally adjusted","Persons","thousands",2317.6
"2013-05","British Columbia","Total employed, all industries","Estimate","Seasonally adjusted","Persons","thousands",2323.7
"2013-06","British Columbia","Total employed, all industries","Estimate","Seasonally adjusted","Persons","thousands",2315.8
"2013-07","British Columbia","Total employed, all industries","Estimate","Seasonally adjusted","Persons","thousands",2325
"2013-08","British Columbia","Total employed, all industries","Estimate","Seasonally adjusted","Persons","thousands",2328.4
"2013-09","British Columbia","Total employed, all industries","Estimate","Seasonally adjusted","Persons","thousands",2327.7
"2013-10","British Columbia","Total employed, all industries","Estimate","Seasonally adjusted","Persons","thousands",2314.9
"2013-11","British Columbia","Total employed, all industries","Estimate","Seasonally adjusted","Persons","thousands",2314.3
"2013-12","British Columbia","Total employed, all industries","Estimate","Seasonally adjusted","Persons","thousands",2330.3
"2014-01","British Columbia","Total employed, all industries","Estimate","Seasonally adjusted","Persons","thousands",2332.2
"2014-02","British Columbia","Total employed, all industries","Estimate","Seasonally adjusted","Persons","thousands",2330.4
"2014-03","British Columbia","Total employed, all industries","Estimate","Seasonally adjusted","Persons","thousands",2342.5
"2014-04","British Columbia","Total employed, all industries","Estimate","Seasonally adjusted","Persons","thousands",2342.1
"2014-05","British Columbia","Total employed, all industries","Estimate","Seasonally adjusted","Persons","thousands",2344.9
"2014-06","British Columbia","Total employed, all industries","Estimate","Seasonally adjusted","Persons","thousands",2346.3
"2014-07","British Columbia","Total employed, all industries","Estimate","Seasonally adjusted","Persons","thousands",2348.8
"2014-08","British Columbia","Total employed, all industries","Estimate","Seasonally adjusted","Persons","thousands",2344.3
"2014-09","British Columbia","Total employed, all industries","Estimate","Seasonally adjusted","Persons","thousands",2354.3
"2014-10","British Columbia","Total employed, all industries","Estimate","Seasonally adjusted","Persons","thousands",2359.7
"2014-11","British Columbia","Total employed, all industries","Estimate","Seasonally adjusted","Persons","thousands",2365.9
"2014-12","British Columbia","Total employed, all industries","Estimate","Seasonally adjusted","Persons","thousands",2376.4
"2015-01","British Columbia","Total employed, all industries","Estimate","Seasonally adjusted","Persons","thousands",2372.2
"2015-02","British Columbia","Total employed, all industries","Estimate","Seasonally adjusted","Persons","thousands",2366.1
"2015-03","British Columbia","Total employed, all industries","Estimate","Seasonally adjusted","Persons","thousands",2377.6
"2015-04","British Columbia","Total employed, all industries","Estimate","Seasonally adjusted","Persons","thousands",2355.6
"2015-05","British Columbia","Total employed, all industries","Estimate","Seasonally adjusted","Persons","thousands",2377.2
"2015-06","British Columbia","Total employed, all industries","Estimate","Seasonally adjusted","Persons","thousands",2387.4
"2015-07","British Columbia","Total employed, all industries","Estimate","Seasonally adjusted","Persons","thousands",2373.5
"2015-08","British Columbia","Total employed, all industries","Estimate","Seasonally adjusted","Persons","thousands",2392
"2015-09","British Columbia","Total employed, all industries","Estimate","Seasonally adjusted","Persons","thousands",2402.7
"2015-10","British Columbia","Total employed, all industries","Estimate","Seasonally adjusted","Persons","thousands",2425.9
"2015-11","British Columbia","Total employed, all industries","Estimate","Seasonally adjusted","Persons","thousands",2430.4
"2015-12","British Columbia","Total employed, all industries","Estimate","Seasonally adjusted","Persons","thousands",2419.4
"2016-01","British Columbia","Total employed, all industries","Estimate","Seasonally adjusted","Persons","thousands",2427.5
"2016-02","British Columbia","Total employed, all industries","Estimate","Seasonally adjusted","Persons","thousands",2435.4
"2016-03","British Columbia","Total employed, all industries","Estimate","Seasonally adjusted","Persons","thousands",2447.4
"2016-04","British Columbia","Total employed, all industries","Estimate","Seasonally adjusted","Persons","thousands",2462.1
"2016-05","British Columbia","Total employed, all industries","Estimate","Seasonally adjusted","Persons","thousands",2456.8
"2016-06","British Columbia","Total employed, all industries","Estimate","Seasonally adjusted","Persons","thousands",2467.3
"2016-07","British Columbia","Total employed, all industries","Estimate","Seasonally adjusted","Persons","thousands",2487.8
"2016-08","British Columbia","Total employed, all industries","Estimate","Seasonally adjusted","Persons","thousands",2488.2
"2016-09","British Columbia","Total employed, all industries","Estimate","Seasonally adjusted","Persons","thousands",2481.3
"2016-10","British Columbia","Total employed, all industries","Estimate","Seasonally adjusted","Persons","thousands",2490.8
"2016-11","British Columbia","Total employed, all industries","Estimate","Seasonally adjusted","Persons","thousands",2475.4
"2016-12","British Columbia","Total employed, all industries","Estimate","Seasonally adjusted","Persons","thousands",2498
"2017-01","British Columbia","Total employed, all industries","Estimate","Seasonally adjusted","Persons","thousands",2522.5
"2017-02","British Columbia","Total employed, all industries","Estimate","Seasonally adjusted","Persons","thousands",2528.4
"2017-03","British Columbia","Total employed, all industries","Estimate","Seasonally adjusted","Persons","thousands",2540.1
"2017-04","British Columbia","Total employed, all industries","Estimate","Seasonally adjusted","Persons","thousands",2551.1
"2017-05","British Columbia","Total employed, all industries","Estimate","Seasonally adjusted","Persons","thousands",2565.2
"2017-06","British Columbia","Total employed, all industries","Estimate","Seasonally adjusted","Persons","thousands",2581.1
"2017-07","British Columbia","Total employed, all industries","Estimate","Seasonally adjusted","Persons","thousands",2573.7
"2017-08","British Columbia","Total employed, all industries","Estimate","Seasonally adjusted","Persons","thousands",2582
"2017-09","British Columbia","Total employed, all industries","Estimate","Seasonally adjusted","Persons","thousands",2559.2
"2017-10","British Columbia","Total employed, all industries","Estimate","Seasonally adjusted","Persons","thousands",2553
"2017-11","British Columbia","Total employed, all industries","Estimate","Seasonally adjusted","Persons","thousands",2582.6
"2017-12","British Columbia","Total employed, all industries","Estimate","Seasonally adjusted","Persons","thousands",2588.5
"2018-01","British Columbia","Total employed, all industries","Estimate","Seasonally adjusted","Persons","thousands",2581.7
"2018-02","British Columbia","Total employed, all industries","Estimate","Seasonally adjusted","Persons","thousands",2582.6
"2018-03","British Columbia","Total employed, all industries","Estimate","Seasonally adjusted","Persons","thousands",2577.8
"2018-04","British Columbia","Total employed, all industries","Estimate","Seasonally adjusted","Persons","thousands",2591.4
"2018-05","British Columbia","Total employed, all industries","Estimate","Seasonally adjusted","Persons","thousands",2573.7
"2018-06","British Columbia","Total employed, all industries","Estimate","Seasonally adjusted","Persons","thousands",2583.2
"2018-07","British Columbia","Total employed, all industries","Estimate","Seasonally adjusted","Persons","thousands",2601.6
"2018-08","British Columbia","Total employed, all industries","Estimate","Seasonally adjusted","Persons","thousands",2615.3
"2018-09","British Columbia","Total employed, all industries","Estimate","Seasonally adjusted","Persons","thousands",2643.9
"2018-10","British Columbia","Total employed, all industries","Estimate","Seasonally adjusted","Persons","thousands",2633
"2018-11","British Columbia","Total employed, all industries","Estimate","Seasonally adjusted","Persons","thousands",2644.5
"2018-12","British Columbia","Total employed, all industries","Estimate","Seasonally adjusted","Persons","thousands",2656.7
"2019-01","British Columbia","Total employed, all industries","Estimate","Seasonally adjusted","Persons","thousands",2666.7
"2019-02","British Columbia","Total employed, all industries","Estimate","Seasonally adjusted","Persons","thousands",2677
"2019-03","British Columbia","Total employed, all industries","Estimate","Seasonally adjusted","Persons","thousands",2670.4
"2019-04","British Columbia","Total employed, all industries","Estimate","Seasonally adjusted","Persons","thousands",2677.1
"2019-05","British Columbia","Total employed, all industries","Estimate","Seasonally adjusted","Persons","thousands",2697.5
"2019-06","British Columbia","Total employed, all industries","Estimate","Seasonally adjusted","Persons","thousands",2691.8
"2019-07","British Columbia","Total employed, all industries","Estimate","Seasonally adjusted","Persons","thousands",2680.8
"2019-08","British Columbia","Total employed, all industries","Estimate","Seasonally adjusted","Persons","thousands",2678.4
"2019-09","British Columbia","Total employed, all industries","Estimate","Seasonally adjusted","Persons","thousands",2659.1
"2019-10","British Columbia","Total employed, all industries","Estimate","Seasonally adjusted","Persons","thousands",2680.5
"2019-11","British Columbia","Total employed, all industries","Estimate","Seasonally adjusted","Persons","thousands",2665.8
"2019-12","British Columbia","Total employed, all industries","Estimate","Seasonally adjusted","Persons","thousands",2668.3
"2020-01","British Columbia","Total employed, all industries","Estimate","Seasonally adjusted","Persons","thousands",2673.3
"2020-02","British Columbia","Total employed, all industries","Estimate","Seasonally adjusted","Persons","thousands",2666.7
"2020-03","British Columbia","Total employed, all industries","Estimate","Seasonally adjusted","Persons","thousands",2493.1
"2020-04","British Columbia","Total employed, all industries","Estimate","Seasonally adjusted","Persons","thousands",2235.7
"2020-05","British Columbia","Total employed, all industries","Estimate","Seasonally adjusted","Persons","thousands",2286.7
"2020-06","British Columbia","Total employed, all industries","Estimate","Seasonally adjusted","Persons","thousands",2411.9
"2020-07","British Columbia","Total employed, all industries","Estimate","Seasonally adjusted","Persons","thousands",2475.9
"2020-08","British Columbia","Total employed, all industries","Estimate","Seasonally adjusted","Persons","thousands",2492.1
"2020-09","British Columbia","Total employed, all industries","Estimate","Seasonally adjusted","Persons","thousands",2562.1
"2020-10","British Columbia","Total employed, all industries","Estimate","Seasonally adjusted","Persons","thousands",2595.1
"2020-11","British Columbia","Total employed, all industries","Estimate","Seasonally adjusted","Persons","thousands",2611.8
"2020-12","British Columbia","Total employed, all industries","Estimate","Seasonally adjusted","Persons","thousands",2613.8
"2021-01","British Columbia","Total employed, all industries","Estimate","Seasonally adjusted","Persons","thousands",2631
"2021-02","British Columbia","Total employed, all industries","Estimate","Seasonally adjusted","Persons","thousands",2646.9
"2021-03","British Columbia","Total employed, all industries","Estimate","Seasonally adjusted","Persons","thousands",2665.3
"2021-04","British Columbia","Total employed, all industries","Estimate","Seasonally adjusted","Persons","thousands",2627.7
"2021-05","British Columbia","Total employed, all industries","Estimate","Seasonally adjusted","Persons","thousands",2631.5
"2021-06","British Columbia","Total employed, all industries","Estimate","Seasonally adjusted","Persons","thousands",2663.2
"2021-07","British Columbia","Total employed, all industries","Estimate","Seasonally adjusted","Persons","thousands",2669.3
"2021-08","British Columbia","Total employed, all industries","Estimate","Seasonally adjusted","Persons","thousands",2678.6
"2021-09","British Columbia","Total employed, all industries","Estimate","Seasonally adjusted","Persons","thousands",2685.9
"2021-10","British Columbia","Total employed, all industries","Estimate","Seasonally adjusted","Persons","thousands",2685.1
"2021-11","British Columbia","Total employed, all industries","Estimate","Seasonally adjusted","Persons","thousands",2703.7
"2021-12","British Columbia","Total employed, all industries","Estimate","Seasonally adjusted","Persons","thousands",2696.8
"2022-01","British Columbia","Total employed, all industries","Estimate","Seasonally adjusted","Persons","thousands",2709.9
"2022-02","British Columbia","Total employed, all industries","Estimate","Seasonally adjusted","Persons","thousands",2742.1
"2022-03","British Columbia","Total employed, all industries","Estimate","Seasonally adjusted","Persons","thousands",2736.9
"2022-04","British Columbia","Total employed, all industries","Estimate","Seasonally adjusted","Persons","thousands",2744.3
"2022-05","British Columbia","Total employed, all industries","Estimate","Seasonally adjusted","Persons","thousands",2753
"2022-06","British Columbia","Total employed, all industries","Estimate","Seasonally adjusted","Persons","thousands",2748.5
"2022-07","British Columbia","Total employed, all industries","Estimate","Seasonally adjusted","Persons","thousands",2753.8
"2022-08","British Columbia","Total employed, all industries","Estimate","Seasonally adjusted","Persons","thousands",2746.5
"2022-09","British Columbia","Total employed, all industries","Estimate","Seasonally adjusted","Persons","thousands",2766
"2022-10","British Columbia","Total employed, all industries","Estimate","Seasonally adjusted","Persons","thousands",2759.8
"2022-11","British Columbia","Total employed, all industries","Estimate","Seasonally adjusted","Persons","thousands",2755.1
"2022-12","British Columbia","Total employed, all industries","Estimate","Seasonally adjusted","Persons","thousands",2763
"2023-01","British Columbia","Total employed, all industries","Estimate","Seasonally adjusted","Persons","thousands",2770.7
"2023-02","British Columbia","Total employed, all industries","Estimate","Seasonally adjusted","Persons","thousands",2777.4
"2023-03","British Columbia","Total employed, all industries","Estimate","Seasonally adjusted","Persons","thousands",2777.3
"2023-04","British Columbia","Total employed, all industries","Estimate","Seasonally adjusted","Persons","thousands",2779.4
"2023-05","British Columbia","Total employed, all industries","Estimate","Seasonally adjusted","Persons","thousands",2780.8
"2023-06","British Columbia","Total employed, all industries","Estimate","Seasonally adjusted","Persons","thousands",2778.2
"2023-07","British Columbia","Total employed, all industries","Estimate","Seasonally adjusted","Persons","thousands",2776.6
"2023-08","British Columbia","Total employed, all industries","Estimate","Seasonally adjusted","Persons","thousands",2788.6
"2023-09","British Columbia","Total employed, all industries","Estimate","Seasonally adjusted","Persons","thousands",2814.3
"2023-10","British Columbia","Total employed, all industries","Estimate","Seasonally adjusted","Persons","thousands",2810.3
